{"TRCO": 0.14958172711299925, "ARCO": 0.14903761543680843, "err_matrix": [[0.0, 12.0, 240.0, 279.0, 217.0, 272.0, 26.0, 165.0, 114.0, 64.0, 178.0, 58.0, 403.0, 3459.0, 80.0, 312.0, 74.0, 101.0, 276.0, 74.0, 726.0, 70.0, 603.0, 192.0, 69.0, 0.0, 0.0, 0.0, 0.0, 573.0, 0.0, 0.0, 0.0, 0.0, 224.0, 0.0, 173.0, 962.0, 131.0, 1189.0, 0.0, 105.0, 0.0, 0.0, 527.0, 0.0, 374.0, 0.0, 339.0], [0.0, 0.0, 0.0, 0.0, 0.0, 0.0, 0.0, 0.0, 0.0, 0.0, 0.0, 0.0, 0.0, 0.0, 0.0, 0.0, 0.0, 0.0, 0.0, 0.0, 0.0, 0.0, 0.0, 0.0, 0.0, 0.0, 0.0, 0.0, 0.0, 0.0, 0.0, 0.0, 0.0, 0.0, 0.0, 0.0, 0.0, 0.0, 0.0, 0.0, 0.0, 0.0, 0.0, 0.0, 0.0, 0.0, 0.0, 0.0, 0.0], [134.0, 10.0, 0.0, 307.0, 136.0, 54.0, 70.0, 284.0, 117.0, 173.0, 316.0, 77.0, 681.0, 725.0, 114.0, 736.0, 218.0, 72.0, 87.0, 281.0, 456.0, 112.0, 136.0, 104.0, 277.0, 0.0, 0.0, 0.0, 0.0, 319.0, 0.0, 0.0, 0.0, 0.0, 195.0, 0.0, 16.0, 94.0, 97.0, 6293.0, 0.0, 605.0, 0.0, 0.0, 2080.0, 0.0, 1549.0, 0.0, 121.0], [1.0, 0.0, 12.0, 0.0, 39.0, 54.0, 16.0, 12.0, 23.0, 2.0, 495.0, 39.0, 66.0, 278.0, 1.0, 19.0, 75.0, 13.0, 36.0, 6.0, 372.0, 77.0, 12.0, 160.0, 2.0, 0.0, 0.0, 0.0, 0.0, 99.0, 0.0, 0.0, 0.0, 0.0, 44.0, 0.0, 40.0, 18.0, 9.0, 139.0, 0.0, 0.0, 0.0, 0.0, 33.0, 0.0, 36.0, 0.0, 37.0], [184.0, 19.0, 56.0, 159.0, 0.0, 45.0, 206.0, 48.0, 52.0, 60.0, 41.0, 79.0, 241.0, 368.0, 223.0, 32.0, 48.0, 220.0, 90.0, 95.0, 135.0, 171.0, 270.0, 32.0, 40.0, 0.0, 0.0, 0.0, 0.0, 1803.0, 0.0, 0.0, 0.0, 0.0, 357.0, 0.0, 698.0, 158.0, 180.0, 396.0, 0.0, 397.0, 0.0, 0.0, 73.0, 0.0, 824.0, 0.0, 566.0], [147.0, 49.0, 111.0, 427.0, 232.0, 0.0, 81.0, 117.0, 154.0, 45.0, 176.0, 76.0, 334.0, 964.0, 44.0, 711.0, 278.0, 37.0, 2538.0, 179.0, 327.0, 128.0, 263.0, 435.0, 13.0, 0.0, 0.0, 0.0, 0.0, 456.0, 0.0, 0.0, 0.0, 0.0, 229.0, 0.0, 246.0, 787.0, 467.0, 840.0, 0.0, 584.0, 0.0, 0.0, 352.0, 0.0, 502.0, 0.0, 83.0], [0.0, 0.0, 0.0, 0.0, 0.0, 0.0, 0.0, 0.0, 0.0, 0.0, 0.0, 0.0, 0.0, 0.0, 0.0, 0.0, 0.0, 0.0, 0.0, 0.0, 0.0, 0.0, 0.0, 0.0, 0.0, 0.0, 0.0, 0.0, 0.0, 0.0, 0.0, 0.0, 0.0, 0.0, 0.0, 0.0, 0.0, 0.0, 0.0, 0.0, 0.0, 0.0, 0.0, 0.0, 0.0, 0.0, 0.0, 0.0, 0.0], [237.0, 22.0, 486.0, 119.0, 113.0, 125.0, 83.0, 0.0, 78.0, 41.0, 171.0, 105.0, 326.0, 1526.0, 57.0, 173.0, 87.0, 137.0, 96.0, 102.0, 4472.0, 299.0, 112.0, 62.0, 707.0, 0.0, 0.0, 0.0, 0.0, 246.0, 0.0, 0.0, 0.0, 0.0, 176.0, 0.0, 158.0, 255.0, 102.0, 1472.0, 0.0, 373.0, 0.0, 0.0, 834.0, 0.0, 673.0, 0.0, 693.0], [0.0, 5.0, 7.0, 165.0, 9.0, 5.0, 5.0, 12.0, 0.0, 0.0, 66.0, 9.0, 10.0, 110.0, 14.0, 26.0, 23.0, 0.0, 35.0, 22.0, 38.0, 581.0, 10.0, 23.0, 1.0, 0.0, 0.0, 0.0, 0.0, 9.0, 0.0, 0.0, 0.0, 0.0, 3.0, 0.0, 3.0, 23.0, 22.0, 27.0, 0.0, 5.0, 0.0, 0.0, 9.0, 0.0, 35.0, 0.0, 3.0], [190.0, 41.0, 362.0, 201.0, 134.0, 161.0, 167.0, 124.0, 150.0, 0.0, 105.0, 47.0, 369.0, 577.0, 270.0, 170.0, 78.0, 56.0, 213.0, 252.0, 532.0, 216.0, 611.0, 103.0, 90.0, 0.0, 0.0, 0.0, 0.0, 543.0, 0.0, 0.0, 0.0, 0.0, 2239.0, 0.0, 95.0, 237.0, 439.0, 507.0, 0.0, 1677.0, 0.0, 0.0, 148.0, 0.0, 2553.0, 0.0, 140.0], [17.0, 38.0, 71.0, 64.0, 29.0, 585.0, 40.0, 39.0, 91.0, 25.0, 0.0, 28.0, 199.0, 377.0, 245.0, 464.0, 109.0, 2.0, 660.0, 59.0, 768.0, 213.0, 8.0, 1665.0, 45.0, 0.0, 0.0, 0.0, 0.0, 10.0, 0.0, 0.0, 0.0, 0.0, 177.0, 0.0, 2.0, 349.0, 66.0, 1010.0, 0.0, 93.0, 0.0, 0.0, 143.0, 0.0, 172.0, 0.0, 52.0], [6.0, 0.0, 1.0, 0.0, 3.0, 0.0, 0.0, 0.0, 0.0, 1.0, 0.0, 0.0, 0.0, 7.0, 6.0, 0.0, 2.0, 5.0, 2.0, 0.0, 0.0, 0.0, 2.0, 0.0, 2.0, 0.0, 0.0, 0.0, 0.0, 5.0, 0.0, 0.0, 0.0, 0.0, 1.0, 0.0, 0.0, 0.0, 1.0, 0.0, 0.0, 0.0, 0.0, 0.0, 2.0, 0.0, 0.0, 0.0, 87.0], [45.0, 6.0, 36.0, 210.0, 64.0, 18.0, 34.0, 87.0, 54.0, 33.0, 49.0, 36.0, 0.0, 202.0, 25.0, 33.0, 43.0, 19.0, 20.0, 19.0, 330.0, 53.0, 58.0, 28.0, 16.0, 0.0, 0.0, 0.0, 0.0, 28.0, 0.0, 0.0, 0.0, 0.0, 113.0, 0.0, 15.0, 110.0, 35.0, 85.0, 0.0, 111.0, 0.0, 0.0, 109.0, 0.0, 206.0, 0.0, 112.0], [25.0, 0.0, 35.0, 2.0, 0.0, 4.0, 1.0, 2.0, 37.0, 0.0, 1.0, 5.0, 2.0, 0.0, 17.0, 68.0, 57.0, 0.0, 2.0, 9.0, 34.0, 0.0, 46.0, 9.0, 2.0, 0.0, 0.0, 0.0, 0.0, 0.0, 0.0, 0.0, 0.0, 0.0, 41.0, 0.0, 0.0, 40.0, 66.0, 99.0, 0.0, 20.0, 0.0, 0.0, 41.0, 0.0, 44.0, 0.0, 0.0], [25.0, 21.0, 5.0, 40.0, 29.0, 0.0, 61.0, 61.0, 69.0, 17.0, 5.0, 15.0, 33.0, 104.0, 0.0, 35.0, 2.0, 29.0, 22.0, 58.0, 115.0, 201.0, 11.0, 19.0, 27.0, 0.0, 0.0, 0.0, 0.0, 15.0, 0.0, 0.0, 0.0, 0.0, 105.0, 0.0, 40.0, 31.0, 25.0, 58.0, 0.0, 4.0, 0.0, 0.0, 34.0, 0.0, 33.0, 0.0, 58.0], [48.0, 1.0, 349.0, 24.0, 37.0, 90.0, 13.0, 131.0, 15.0, 29.0, 135.0, 20.0, 71.0, 276.0, 14.0, 0.0, 10.0, 18.0, 268.0, 8.0, 639.0, 54.0, 50.0, 42.0, 197.0, 0.0, 0.0, 0.0, 0.0, 25.0, 0.0, 0.0, 0.0, 0.0, 137.0, 0.0, 14.0, 118.0, 55.0, 682.0, 0.0, 358.0, 0.0, 0.0, 351.0, 0.0, 545.0, 0.0, 60.0], [0.0, 0.0, 0.0, 59.0, 0.0, 0.0, 2.0, 1.0, 5.0, 0.0, 3.0, 0.0, 2.0, 80.0, 0.0, 1.0, 0.0, 0.0, 0.0, 1.0, 26.0, 7.0, 0.0, 2.0, 0.0, 0.0, 0.0, 0.0, 0.0, 0.0, 0.0, 0.0, 0.0, 0.0, 1.0, 0.0, 2.0, 0.0, 2.0, 8.0, 0.0, 1.0, 0.0, 0.0, 3.0, 0.0, 5.0, 0.0, 6.0], [38.0, 1.0, 0.0, 23.0, 58.0, 26.0, 10.0, 46.0, 11.0, 2.0, 13.0, 10.0, 32.0, 160.0, 3.0, 10.0, 7.0, 0.0, 52.0, 19.0, 170.0, 34.0, 45.0, 9.0, 11.0, 0.0, 0.0, 0.0, 0.0, 99.0, 0.0, 0.0, 0.0, 0.0, 37.0, 0.0, 185.0, 52.0, 16.0, 187.0, 0.0, 44.0, 0.0, 0.0, 18.0, 0.0, 81.0, 0.0, 136.0], [32.0, 4.0, 38.0, 96.0, 94.0, 28.0, 23.0, 50.0, 27.0, 5.0, 8.0, 2.0, 41.0, 263.0, 9.0, 18.0, 7.0, 31.0, 0.0, 19.0, 212.0, 85.0, 40.0, 7.0, 7.0, 0.0, 0.0, 0.0, 0.0, 337.0, 0.0, 0.0, 0.0, 0.0, 82.0, 0.0, 175.0, 72.0, 39.0, 158.0, 0.0, 101.0, 0.0, 0.0, 57.0, 0.0, 218.0, 0.0, 44.0], [17.0, 21.0, 11.0, 62.0, 31.0, 10.0, 108.0, 10.0, 1.0, 38.0, 6.0, 67.0, 45.0, 14.0, 23.0, 6.0, 29.0, 7.0, 3.0, 0.0, 18.0, 16.0, 29.0, 10.0, 77.0, 0.0, 0.0, 0.0, 0.0, 44.0, 0.0, 0.0, 0.0, 0.0, 45.0, 0.0, 159.0, 8.0, 39.0, 69.0, 0.0, 49.0, 0.0, 0.0, 16.0, 0.0, 83.0, 0.0, 80.0], [30.0, 7.0, 338.0, 186.0, 35.0, 115.0, 48.0, 122.0, 17.0, 14.0, 929.0, 36.0, 169.0, 398.0, 56.0, 126.0, 139.0, 18.0, 60.0, 36.0, 0.0, 74.0, 50.0, 148.0, 101.0, 0.0, 0.0, 0.0, 0.0, 67.0, 0.0, 0.0, 0.0, 0.0, 102.0, 0.0, 34.0, 170.0, 26.0, 1663.0, 0.0, 97.0, 0.0, 0.0, 417.0, 0.0, 205.0, 0.0, 61.0], [0.0, 0.0, 0.0, 0.0, 0.0, 0.0, 0.0, 0.0, 0.0, 0.0, 0.0, 0.0, 0.0, 0.0, 0.0, 0.0, 0.0, 0.0, 0.0, 0.0, 0.0, 0.0, 0.0, 0.0, 0.0, 0.0, 0.0, 0.0, 0.0, 0.0, 0.0, 0.0, 0.0, 0.0, 0.0, 0.0, 0.0, 0.0, 0.0, 0.0, 0.0, 0.0, 0.0, 0.0, 0.0, 0.0, 0.0, 0.0, 0.0], [289.0, 11.0, 289.0, 278.0, 234.0, 138.0, 99.0, 233.0, 130.0, 229.0, 69.0, 75.0, 430.0, 652.0, 73.0, 121.0, 110.0, 155.0, 140.0, 507.0, 1568.0, 127.0, 0.0, 80.0, 313.0, 0.0, 0.0, 0.0, 0.0, 879.0, 0.0, 0.0, 0.0, 0.0, 1275.0, 0.0, 379.0, 162.0, 511.0, 930.0, 0.0, 1613.0, 0.0, 0.0, 193.0, 0.0, 2202.0, 0.0, 343.0], [0.0, 11.0, 0.0, 4.0, 0.0, 11.0, 0.0, 0.0, 6.0, 1.0, 0.0, 0.0, 1.0, 5.0, 132.0, 29.0, 1.0, 0.0, 7.0, 6.0, 0.0, 0.0, 1.0, 0.0, 1.0, 0.0, 0.0, 0.0, 0.0, 0.0, 0.0, 0.0, 0.0, 0.0, 15.0, 0.0, 0.0, 0.0, 3.0, 59.0, 0.0, 0.0, 0.0, 0.0, 4.0, 0.0, 17.0, 0.0, 0.0], [4.0, 9.0, 67.0, 22.0, 35.0, 5.0, 50.0, 18.0, 17.0, 7.0, 61.0, 161.0, 36.0, 70.0, 86.0, 55.0, 47.0, 10.0, 21.0, 92.0, 15.0, 17.0, 10.0, 16.0, 0.0, 0.0, 0.0, 0.0, 0.0, 48.0, 0.0, 0.0, 0.0, 0.0, 58.0, 0.0, 59.0, 12.0, 43.0, 56.0, 0.0, 16.0, 0.0, 0.0, 64.0, 0.0, 38.0, 0.0, 125.0], [0.0, 0.0, 0.0, 0.0, 0.0, 0.0, 0.0, 0.0, 0.0, 0.0, 0.0, 0.0, 0.0, 0.0, 0.0, 0.0, 0.0, 0.0, 0.0, 0.0, 0.0, 0.0, 0.0, 0.0, 0.0, 0.0, 0.0, 0.0, 0.0, 0.0, 0.0, 0.0, 0.0, 0.0, 0.0, 0.0, 0.0, 0.0, 0.0, 0.0, 0.0, 0.0, 0.0, 0.0, 0.0, 0.0, 0.0, 0.0, 0.0], [0.0, 0.0, 0.0, 0.0, 0.0, 0.0, 0.0, 0.0, 0.0, 0.0, 0.0, 0.0, 0.0, 0.0, 0.0, 0.0, 0.0, 0.0, 0.0, 0.0, 0.0, 0.0, 0.0, 0.0, 0.0, 0.0, 0.0, 0.0, 0.0, 0.0, 0.0, 0.0, 0.0, 0.0, 0.0, 0.0, 0.0, 0.0, 0.0, 0.0, 0.0, 0.0, 0.0, 0.0, 0.0, 0.0, 0.0, 0.0, 0.0], [0.0, 0.0, 0.0, 0.0, 0.0, 0.0, 0.0, 0.0, 0.0, 0.0, 0.0, 0.0, 0.0, 0.0, 0.0, 0.0, 0.0, 0.0, 0.0, 0.0, 0.0, 0.0, 0.0, 0.0, 0.0, 0.0, 0.0, 0.0, 0.0, 0.0, 0.0, 0.0, 0.0, 0.0, 0.0, 0.0, 0.0, 0.0, 0.0, 0.0, 0.0, 0.0, 0.0, 0.0, 0.0, 0.0, 0.0, 0.0, 0.0], [0.0, 0.0, 0.0, 0.0, 0.0, 0.0, 0.0, 0.0, 0.0, 0.0, 0.0, 0.0, 0.0, 0.0, 0.0, 0.0, 0.0, 0.0, 0.0, 0.0, 0.0, 0.0, 0.0, 0.0, 0.0, 0.0, 0.0, 0.0, 0.0, 0.0, 