{"ARCO": 0.4772560138101823, "TRCO": 0.4666586855022148, "err_matrix": [[0.0, 9.0, 38.0, 13.0, 54.0, 86.0, 9.0, 212.0, 13.0, 36.0, 27.0, 36.0, 41.0], [5.0, 0.0, 2.0, 2.0, 5.0, 5.0, 5.0, 12.0, 10.0, 6.0, 0.0, 2.0, 3.0], [79.0, 19.0, 0.0, 30.0, 30.0, 42.0, 66.0, 133.0, 25.0, 240.0, 43.0, 48.0, 60.0], [9.0, 6.0, 5.0, 0.0, 7.0, 9.0, 3.0, 18.0, 15.0, 3.0, 24.0, 2.0, 6.0], [16.0, 8.0, 22.0, 15.0, 0.0, 15.0, 28.0, 24.0, 18.0, 49.0, 4.0, 28.0, 22.0], [139.0, 10.0, 63.0, 42.0, 42.0, 0.0, 22.0, 90.0, 11.0, 64.0, 25.0, 14.0, 30.0], [0.0, 7.0, 1.0, 6.0, 3.0, 1.0, 0.0, 7.0, 0.0, 33.0, 2.0, 7.0, 2.0], [111.0, 7.0, 175.0, 33.0, 43.0, 56.0, 30.0, 0.0, 15.0, 36.0, 68.0, 65.0, 37.0], [8.0, 13.0, 2.0, 16.0, 3.0, 3.0, 2.0, 2.0, 0.0, 5.0, 7.0, 4.0, 1.0], [61.0, 21.0, 103.0, 40.0, 153.0, 40.0, 76.0, 135.0, 27.0, 0.0, 19.0, 45.0, 47.0], [13.0, 21.0, 50.0, 9.0, 4.0, 69.0, 8.0, 25.0, 7.0, 10.0, 0.0, 2.0, 13.0], [8.0, 6.0, 8.0, 4.0, 15.0, 3.0, 44.0, 7.0, 3.0, 18.0, 4.0, 0.0, 4.0], [27.0, 6.0, 20.0, 12.0, 5.0, 9.0, 9.0, 42.0, 7.0, 18.0, 6.0, 7.0, 0.0]]}