{"TRCO": 0.5045244801342362, "err_matrix": [[0.0, 5.0, 169.0, 51.0, 154.0, 323.0, 11.0, 534.0, 140.0, 222.0, 121.0, 16.0, 252.0], [6.0, 0.0, 1.0, 5.0, 20.0, 6.0, 26.0, 30.0, 6.0, 39.0, 16.0, 9.0, 4.0], [198.0, 19.0, 0.0, 63.0, 182.0, 196.0, 121.0, 503.0, 70.0, 610.0, 107.0, 298.0, 313.0], [28.0, 16.0, 1.0, 0.0, 3.0, 22.0, 4.0, 119.0, 93.0, 6.0, 46.0, 20.0, 48.0], [86.0, 22.0, 91.0, 20.0, 0.0, 15.0, 41.0, 116.0, 56.0, 228.0, 17.0, 91.0, 124.0], [599.0, 20.0, 302.0, 200.0, 111.0, 0.0, 5.0, 357.0, 77.0, 202.0, 243.0, 23.0, 225.0], [2.0, 22.0, 85.0, 20.0, 9.0, 0.0, 0.0, 1.0, 17.0, 243.0, 0.0, 49.0, 4.0], [507.0, 14.0, 995.0, 121.0, 155.0, 174.0, 24.0, 0.0, 18.0, 157.0, 342.0, 139.0, 226.0], [7.0, 23.0, 4.0, 64.0, 5.0, 29.0, 7.0, 3.0, 0.0, 2.0, 76.0, 4.0, 5.0], [630.0, 72.0, 404.0, 97.0, 505.0, 242.0, 72.0, 375.0, 47.0, 0.0, 24.0, 165.0, 523.0], [31.0, 17.0, 173.0, 53.0, 5.0, 52.0, 16.0, 121.0, 23.0, 28.0, 0.0, 3.0, 59.0], [9.0, 10.0, 142.0, 4.0, 38.0, 4.0, 11.0, 32.0, 21.0, 134.0, 6.0, 0.0, 15.0], [101.0, 16.0, 16.0, 20.0, 40.0, 15.0, 8.0, 11.0, 8.0, 49.0, 9.0, 4.0, 0.0]], "ARCO": 0.5072252742155295}