{"relax": {"TRCO": 0.3834736317625154, "err_matrix": [[0.0, 300.0, 1452.0, 404.0, 931.0, 496.0, 135.0, 1411.0, 244.0, 1297.0, 452.0, 650.0, 1252.0], [186.0, 0.0, 113.0, 32.0, 85.0, 42.0, 164.0, 223.0, 307.0, 172.0, 36.0, 152.0, 15.0], [1513.0, 274.0, 0.0, 742.0, 1639.0, 542.0, 474.0, 5191.0, 289.0, 3284.0, 599.0, 848.0, 626.0], [390.0, 16.0, 143.0, 0.0, 168.0, 56.0, 33.0, 472.0, 94.0, 111.0, 692.0, 150.0, 131.0], [994.0, 366.0, 400.0, 285.0, 0.0, 208.0, 346.0, 503.0, 264.0, 1709.0, 104.0, 1838.0, 392.0], [2042.0, 861.0, 1677.0, 1122.0, 1842.0, 0.0, 291.0, 1107.0, 371.0, 1395.0, 1295.0, 680.0, 260.0], [46.0, 68.0, 45.0, 109.0, 133.0, 12.0, 0.0, 42.0, 15.0, 222.0, 19.0, 383.0, 8.0], [2634.0, 290.0, 3561.0, 653.0, 1034.0, 332.0, 293.0, 0.0, 492.0, 1487.0, 1253.0, 1951.0, 728.0], [137.0, 51.0, 55.0, 182.0, 20.0, 44.0, 30.0, 58.0, 0.0, 59.0, 87.0, 19.0, 31.0], [2410.0, 1492.0, 1693.0, 736.0, 5103.0, 588.0, 1314.0, 2703.0, 627.0, 0.0, 487.0, 1663.0, 967.0], [689.0, 259.0, 1612.0, 263.0, 126.0, 692.0, 219.0, 1146.0, 288.0, 457.0, 0.0, 176.0, 294.0], [110.0, 68.0, 152.0, 101.0, 138.0, 24.0, 144.0, 120.0, 22.0, 95.0, 73.0, 0.0, 80.0], [92.0, 40.0, 74.0, 91.0, 147.0, 23.0, 21.0, 80.0, 51.0, 174.0, 53.0, 100.0, 0.0]], "ARCO": 0.3894454130772886}, "strict": {"TRCO": 0.14985052316890882, "err_matrix": [[0.0, 7.0, 162.0, 208.0, 185.0, 271.0, 26.0, 143.0, 129.0, 73.0, 90.0, 84.0, 1116.0, 3899.0, 42.0, 793.0, 155.0, 140.0, 179.0, 101.0, 673.0, 69.0, 523.0, 350.0, 55.0, 0.0, 0.0, 0.0, 0.0, 513.0, 0.0, 0.0, 0.0, 0.0, 241.0, 0.0, 165.0, 380.0, 194.0, 330.0, 0.0, 81.0, 0.0, 0.0, 490.0, 0.0, 351.0, 0.0, 344.0], [0.0, 0.0, 0.0, 0.0, 0.0, 0.0, 0.0, 0.0, 0.0, 0.0, 0.0, 0.0, 0.0, 0.0, 0.0, 0.0, 0.0, 0.0, 0.0, 0.0, 0.0, 0.0, 0.0, 0.0, 0.0, 0.0, 0.0, 0.0, 0.0, 0.0, 0.0, 0.0, 0.0, 0.0, 0.0, 0.0, 0.0, 0.0, 0.0, 0.0, 0.0, 0.0, 0.0, 0.0, 0.0, 0.0, 0.0, 0.0, 0.0], [170.0, 3.0, 0.0, 290.0, 123.0, 53.0, 64.0, 355.0, 126.0, 235.0, 170.0, 117.0, 559.0, 778.0, 26.0, 4911.0, 411.0, 81.0, 80.0, 381.0, 484.0, 63.0, 120.0, 202.0, 264.0, 0.0, 0.0, 0.0, 0.0, 325.0, 0.0, 0.0, 0.0, 0.0, 231.0, 0.0, 28.0, 54.0, 138.0, 789.0, 0.0, 593.0, 0.0, 0.0, 2699.0, 0.0, 1610.0, 0.0, 121.0], [1.0, 0.0, 14.0, 0.0, 33.0, 45.0, 25.0, 16.0, 40.0, 2.0, 61.0, 50.0, 117.0, 311.0, 1.0, 55.0, 223.0, 18.0, 11.0, 8.0, 382.0, 42.0, 8.0, 627.0, 4.0, 0.0, 0.0, 0.0, 0.0, 116.0, 0.0, 0.0, 0.0, 0.0, 58.0, 0.0, 42.0, 7.0, 15.0, 72.0, 0.0, 0.0, 0.0, 0.0, 39.0, 0.0, 35.0, 0.0, 42.0], [221.0, 4.0, 48.0, 150.0, 0.0, 56.0, 189.0, 53.0, 91.0, 73.0, 15.0, 102.0, 352.0, 435.0, 74.0, 86.0, 98.0, 235.0, 90.0, 119.0, 135.0, 132.0, 220.0, 51.0, 34.0, 0.0, 0.0, 0.0, 0.0, 1868.0, 0.0, 0.0, 0.0, 0.0, 395.0, 0.0, 803.0, 70.0, 264.0, 153.0, 0.0, 365.0, 0.0, 0.0, 71.0, 0.0, 857.0, 0.0, 601.0], [205.0, 12.0, 103.0, 302.0, 197.0, 0.0, 62.0, 147.0, 195.0, 70.0, 106.0, 103.0, 217.0, 1180.0, 46.0, 1152.0, 699.0, 33.0, 1477.0, 178.0, 284.0, 62.0, 217.0, 1162.0, 14.0, 0.0, 0.0, 0.0, 0.0, 531.0, 0.0, 0.0, 0.0, 0.0, 266.0, 0.0, 224.0, 262.0, 725.0, 271.0, 0.0, 524.0, 0.0, 0.0, 362.0, 0.0, 508.0, 0.0, 95.0], [0.0, 0.0, 0.0, 0.0, 0.0, 0.0, 0.0, 0.0, 0.0, 0.0, 0.0, 0.0, 0.0, 0.0, 0.0, 0.0, 0.0, 0.0, 0.0, 0.0, 0.0, 0.0, 0.0, 0.0, 0.0, 0.0, 0.0, 0.0, 0.0, 0.0, 0.0, 0.0, 0.0, 0.0, 0.0, 0.0, 0.0, 0.0, 0.0, 0.0, 0.0, 0.0, 0.0, 0.0, 0.0, 0.0, 0.0, 0.0, 0.0], [253.0, 32.0, 585.0, 92.0, 100.0, 128.0, 67.0, 0.0, 141.0, 64.0, 75.0, 197.0, 642.0, 1427.0, 25.0, 752.0, 178.0, 135.0, 60.0, 124.0, 4245.0, 254.0, 105.0, 168.0, 576.0, 0.0, 0.0, 0.0, 0.0, 255.0, 0.0, 0.0, 0.0, 0.0, 189.0, 0.0, 228.0, 367.0, 149.0, 410.0, 0.0, 315.0, 0.0, 0.0, 832.0, 0.0, 716.0, 0.0, 695.0], [0.0, 5.0, 9.0, 144.0, 7.0, 4.0, 4.0, 11.0, 0.0, 0.0, 30.0, 12.0, 31.0, 129.0, 15.0, 29.0, 38.0, 1.0, 40.0, 26.0, 38.0, 218.0, 9.0, 57.0, 0.0, 0.0, 0.0, 0.0, 0.0, 7.0, 0.0, 0.0, 0.0, 0.0, 5.0, 0.0, 3.0, 8.0, 31.0, 17.0, 0.0, 5.0, 0.0, 0.0, 9.0, 0.0, 45.0, 0.0, 4.0], [204.0, 21.0, 302.0, 163.0, 132.0, 226.0, 146.0, 156.0, 230.0, 0.0, 62.0, 60.0, 579.0, 728.0, 98.0, 329.0, 133.0, 61.0, 134.0, 354.0, 561.0, 131.0, 523.0, 217.0, 79.0, 0.0, 0.0, 0.0, 0.0, 519.0, 0.0, 0.0, 0.0, 0.0, 2215.0, 0.0, 144.0, 113.0, 586.0, 151.0, 0.0, 1622.0, 0.0, 0.0, 148.0, 0.0, 2489.0, 0.0, 138.0], [40.0, 18.0, 64.0, 32.0, 20.0, 392.0, 38.0, 52.0, 186.0, 20.0, 0.0, 55.0, 211.0, 448.0, 56.0, 1439.0, 222.0, 2.0, 239.0, 147.0, 860.0, 90.0, 6.0, 4660.0, 52.0, 0.0, 0.0, 0.0, 0.0, 10.0, 0.0, 0.0, 0.0, 0.0, 205.0, 0.0, 3.0, 148.0, 86.0, 47.0, 0.0, 92.0, 0.0, 0.0, 225.0, 0.0, 172.0, 0.0, 59.0], [8.0, 0.0, 0.0, 0.0, 2.0, 0.0, 0.0, 1.0, 1.0, 2.0, 0.0, 0.0, 0.0, 7.0, 3.0, 0.0, 3.0, 4.0, 1.0, 0.0, 0.0, 0.0, 1.0, 0.0, 3.0, 0.0, 0.0, 0.0, 0.0, 5.0, 0.0, 0.0, 0.0, 0.0, 2.0, 0.0, 0.0, 0.0, 2.0, 0.0, 0.0, 0.0, 0.0, 0.0, 3.0, 0.0, 0.0, 0.0, 91.0], [7.0, 5.0, 32.0, 53.0, 35.0, 12.0, 10.0, 26.0, 23.0, 15.0, 23.0, 39.0, 0.0, 33.0, 18.0, 21.0, 38.0, 6.0, 11.0, 11.0, 23.0, 28.0, 12.0, 30.0, 20.0, 0.0, 0.0, 0.0, 0.0, 13.0, 0.0, 0.0, 0.0, 0.0, 37.0, 0.0, 10.0, 52.0, 17.0, 21.0, 0.0, 93.0, 0.0, 0.0, 31.0, 0.0, 110.0, 0.0, 31.0], [25.0, 2.0, 8.0, 1.0, 0.0, 4.0, 1.0, 13.0, 42.0, 0.0, 2.0, 2.0, 136.0, 0.0, 14.0, 139.0, 40.0, 0.0, 42.0, 7.0, 47.0, 4.0, 43.0, 10.0, 0.0, 0.0, 0.0, 0.0, 0.0, 0.0, 0.0, 0.0, 0.0, 0.0, 28.0, 0.0, 0.0, 129.0, 41.0, 20.0, 0.0, 12.0, 0.0, 0.0, 45.0, 0.0, 38.0, 0.0, 0.0], [35.0, 9.0, 5.0, 25.0, 33.0, 4.0, 65.0, 66.0, 185.0, 28.0, 0.0, 35.0, 15.0, 138.0, 0.0, 58.0, 7.0, 24.0, 38.0, 99.0, 126.0, 122.0, 5.0, 36.0, 9.0, 0.0, 0.0, 0.0, 0.0, 20.0, 0.0, 0.0, 0.0, 0.0, 107.0, 0.0, 55.0, 13.0, 36.0, 50.0, 0.0, 8.0, 0.0, 0.0, 31.0, 0.0, 32.0, 0.0, 53.0], [54.0, 1.0, 286.0, 17.0, 32.0, 213.0, 15.0, 154.0, 19.0, 33.0, 82.0, 42.0, 36.0, 363.0, 4.0, 0.0, 21.0, 18.0, 143.0, 10.0, 652.0, 41.0, 42.0, 105.0, 162.0, 0.0, 0.0, 0.0, 0.0, 31.0, 0.0, 0.0, 0.0, 0.0, 151.0, 0.0, 26.0, 29.0, 67.0, 91.0, 0.0, 354.0, 0.0, 0.0, 418.0, 0.0, 588.0, 0.0, 70.0], [0.0, 0.0, 1.0, 54.0, 0.0, 0.0, 0.0, 6.0, 7.0, 0.0, 0.0, 3.0, 14.0, 70.0, 0.0, 0.0, 0.0, 1.0, 0.0, 0.0, 28.0, 5.0, 0.0, 4.0, 0.0, 0.0, 0.0, 0.0, 0.0, 0.0, 0.0, 0.0, 0.0, 0.0, 1.0, 0.0, 4.0, 1.0, 0.0, 1.0, 0.0, 0.0, 0.0, 0.0, 1.0, 0.0, 7.0, 0.0, 5.0], [47.0, 1.0, 0.0, 23.0, 77.0, 23.0, 15.0, 42.0, 16.0, 5.0, 6.0, 21.0, 40.0, 194.0, 2.0, 34.0, 14.0, 0.0, 39.0, 23.0, 183.0, 25.0, 47.0, 32.0, 2.0, 0.0, 0.0, 0.0, 0.0, 103.0, 0.0, 0.0, 0.0, 0.0, 35.0, 0.0, 144.0, 27.0, 21.0, 79.0, 0.0, 43.0, 0.0, 0.0, 19.0, 0.0, 77.0, 0.0, 131.0], [38.0, 1.0, 37.0, 81.0, 91.0, 31.0, 20.0, 48.0, 64.0, 9.0, 2.0, 3.0, 43.0, 328.0, 9.0, 73.0, 40.0, 30.0, 0.0, 31.0, 211.0, 50.0, 23.0, 25.0, 7.0, 0.0, 0.0, 0.0, 0.0, 336.0, 0.0, 0.0, 0.0, 0.0, 86.0, 0.0, 189.0, 29.0, 68.0, 41.0, 0.0, 100.0, 0.0, 0.0, 55.0, 0.0, 216.0, 0.0, 45.0], [21.0, 13.0, 15.0, 62.0, 29.0, 9.0, 110.0, 9.0, 2.0, 41.0, 1.0, 79.0, 8.0, 17.0, 4.0, 13.0, 47.0, 7.0, 3.0, 0.0, 16.0, 13.0, 34.0, 18.0, 48.0, 0.0, 0.0, 0.0, 0.0, 48.0, 0.0, 0.0, 0.0, 0.0, 53.0, 0.0, 168.0, 8.0, 51.0, 17.0, 0.0, 49.0, 0.0, 0.0, 17.0, 0.0, 94.0, 0.0, 88.0], [44.0, 6.0, 440.0, 135.0, 40.0, 108.0, 36.0, 145.0, 35.0, 32.0, 306.0, 53.0, 86.0, 478.0, 12.0, 1127.0, 248.0, 20.0, 36.0, 66.0, 0.0, 62.0, 54.0, 704.0, 86.0, 0.0, 0.0, 0.0, 0.0, 74.0, 0.0, 0.0, 0.0, 0.0, 108.0, 0.0, 43.0, 65.0, 66.0, 247.0, 0.0, 95.0, 0.0, 0.0, 520.0, 0.0, 219.0, 0.0, 73.0], [0.0, 0.0, 0.0, 0.0, 0.0, 0.0, 0.0, 0.0, 0.0, 0.0, 0.0, 0.0, 0.0, 0.0, 0.0, 0.0, 0.0, 0.0, 0.0, 0.0, 0.0, 0.0, 0.0, 0.0, 0.0, 0.0, 0.0, 0.0, 0.0, 0.0, 0.0, 0.0, 0.0, 0.0, 0.0, 0.0, 0.0, 0.0, 0.0, 0.0, 0.0, 0.0, 0.0, 0.0, 0.0, 0.0, 0.0, 0.0, 0.0], [337.0, 10.0, 321.0, 241.0, 238.0, 138.0, 94.0, 232.0, 162.0, 266.0, 47.0, 104.0, 388.0, 917.0, 51.0, 232.0, 199.0, 155.0, 90.0, 720.0, 1427.0, 104.0, 0.0, 161.0, 280.0, 0.0, 0.0, 0.0, 0.0, 913.0, 0.0, 0.0, 0.0, 0.0, 1316.0, 0.0, 514.0, 111.0, 726.0, 358.0, 0.0, 1463.0, 0.0, 0.0, 179.0, 0.0, 2267.0, 0.0, 344.0], [0.0, 16.0, 1.0, 2.0, 0.0, 16.0, 1.0, 0.0, 4.0, 3.0, 0.0, 0.0, 81.0, 5.0, 52.0, 36.0, 6.0, 0.0, 0.0, 32.0, 0.0, 0.0, 0.0, 0.0, 0.0, 0.0, 0.0, 0.0, 0.0, 0.0, 0.0, 0.0, 0.0, 0.0, 18.0, 0.0, 0.0, 1.0, 4.0, 