{"TRCO": 0.2987766501455432, "err_matrix": [[0.0, 192.0, 1193.0, 1518.0, 1065.0, 1051.0, 205.0, 735.0, 1820.0, 1531.0, 498.0, 318.0, 1142.0], [59.0, 0.0, 20.0, 116.0, 111.0, 26.0, 216.0, 87.0, 160.0, 461.0, 5.0, 97.0, 110.0], [1159.0, 374.0, 0.0, 1361.0, 504.0, 805.0, 1022.0, 1842.0, 924.0, 2193.0, 1108.0, 1716.0, 2974.0], [381.0, 34.0, 38.0, 0.0, 118.0, 218.0, 15.0, 405.0, 191.0, 19.0, 273.0, 47.0, 310.0], [812.0, 353.0, 402.0, 936.0, 0.0, 491.0, 300.0, 406.0, 1074.0, 2640.0, 160.0, 392.0, 831.0], [1306.0, 263.0, 1166.0, 2240.0, 1368.0, 0.0, 269.0, 490.0, 1142.0, 2416.0, 1155.0, 216.0, 1335.0], [14.0, 210.0, 130.0, 113.0, 64.0, 57.0, 0.0, 21.0, 147.0, 279.0, 4.0, 245.0, 120.0], [1413.0, 225.0, 5389.0, 2622.0, 943.0, 555.0, 341.0, 0.0, 628.0, 1504.0, 1446.0, 1501.0, 2506.0], [86.0, 7.0, 41.0, 381.0, 37.0, 68.0, 54.0, 49.0, 0.0, 44.0, 110.0, 13.0, 127.0], [3313.0, 977.0, 2194.0, 2219.0, 1634.0, 1473.0, 1651.0, 1488.0, 1934.0, 0.0, 480.0, 725.0, 2539.0], [580.0, 139.0, 965.0, 1907.0, 149.0, 1393.0, 90.0, 398.0, 972.0, 108.0, 0.0, 81.0, 1398.0], [46.0, 102.0, 217.0, 158.0, 131.0, 21.0, 72.0, 226.0, 236.0, 117.0, 142.0, 0.0, 153.0], [203.0, 99.0, 140.0, 395.0, 149.0, 140.0, 78.0, 83.0, 234.0, 378.0, 97.0, 111.0, 0.0]], "ARCO": 0.2984825410488169}