{"TRCO": 0.5075745088931177, "err_matrix": [[0.0, 18.0, 308.0, 121.0, 326.0, 672.0, 17.0, 1049.0, 299.0, 419.0, 223.0, 55.0, 520.0], [12.0, 0.0, 2.0, 9.0, 44.0, 7.0, 32.0, 46.0, 11.0, 65.0, 25.0, 24.0, 8.0], [450.0, 58.0, 0.0, 129.0, 390.0, 427.0, 237.0, 935.0, 149.0, 1129.0, 188.0, 596.0, 650.0], [57.0, 29.0, 5.0, 0.0, 12.0, 42.0, 10.0, 246.0, 152.0, 7.0, 71.0, 32.0, 91.0], [190.0, 65.0, 192.0, 49.0, 0.0, 29.0, 93.0, 214.0, 101.0, 410.0, 28.0, 180.0, 244.0], [1205.0, 47.0, 617.0, 417.0, 190.0, 0.0, 12.0, 642.0, 148.0, 463.0, 378.0, 43.0, 445.0], [6.0, 34.0, 147.0, 33.0, 24.0, 2.0, 0.0, 0.0, 35.0, 511.0, 0.0, 92.0, 12.0], [930.0, 31.0, 1876.0, 279.0, 350.0, 362.0, 84.0, 0.0, 43.0, 333.0, 662.0, 329.0, 476.0], [18.0, 71.0, 10.0, 116.0, 3.0, 35.0, 10.0, 4.0, 0.0, 3.0, 107.0, 3.0, 7.0], [1297.0, 141.0, 817.0, 183.0, 1032.0, 453.0, 158.0, 746.0, 95.0, 0.0, 39.0, 313.0, 1127.0], [62.0, 39.0, 396.0, 83.0, 16.0, 116.0, 28.0, 256.0, 53.0, 57.0, 0.0, 12.0, 145.0], [15.0, 18.0, 245.0, 8.0, 76.0, 10.0, 20.0, 50.0, 46.0, 256.0, 22.0, 0.0, 33.0], [191.0, 35.0, 33.0, 48.0, 70.0, 15.0, 7.0, 18.0, 18.0, 102.0, 18.0, 1.0, 0.0]], "ARCO": 0.5123675518372856}