{"TRCO": 0.48115976756724377, "ARCO": 0.4842909271576448, "err_matrix": [[0.0, 4.0, 93.0, 36.0, 86.0, 164.0, 5.0, 274.0, 71.0, 110.0, 64.0, 4.0, 131.0], [4.0, 0.0, 2.0, 2.0, 11.0, 3.0, 20.0, 17.0, 2.0, 25.0, 11.0, 1.0, 2.0], [96.0, 9.0, 0.0, 30.0, 111.0, 84.0, 62.0, 280.0, 32.0, 340.0, 71.0, 156.0, 161.0], [13.0, 6.0, 2.0, 0.0, 0.0, 8.0, 4.0, 54.0, 42.0, 2.0, 28.0, 8.0, 26.0], [50.0, 13.0, 46.0, 10.0, 0.0, 4.0, 23.0, 57.0, 18.0, 115.0, 12.0, 45.0, 69.0], [328.0, 12.0, 155.0, 92.0, 67.0, 0.0, 4.0, 190.0, 42.0, 89.0, 136.0, 13.0, 113.0], [1.0, 15.0, 43.0, 6.0, 3.0, 0.0, 0.0, 0.0, 9.0, 123.0, 0.0, 19.0, 6.0], [277.0, 4.0, 528.0, 71.0, 67.0, 79.0, 16.0, 0.0, 9.0, 80.0, 186.0, 71.0, 104.0], [4.0, 17.0, 0.0, 33.0, 2.0, 11.0, 4.0, 2.0, 0.0, 2.0, 40.0, 2.0, 4.0], [315.0, 27.0, 238.0, 46.0, 283.0, 130.0, 35.0, 211.0, 26.0, 0.0, 10.0, 91.0, 265.0], [14.0, 10.0, 83.0, 31.0, 2.0, 28.0, 6.0, 71.0, 13.0, 13.0, 0.0, 2.0, 21.0], [4.0, 5.0, 68.0, 2.0, 24.0, 1.0, 17.0, 18.0, 8.0, 75.0, 2.0, 0.0, 6.0], [48.0, 4.0, 6.0, 12.0, 26.0, 12.0, 2.0, 4.0, 3.0, 27.0, 6.0, 2.0, 0.0]]}