{"ARCO": 0.44105380053744225, "err_matrix": [[0.0, 32.0, 795.0, 217.0, 654.0, 379.0, 104.0, 877.0, 135.0, 454.0, 305.0, 250.0, 336.0], [40.0, 0.0, 14.0, 37.0, 61.0, 7.0, 86.0, 174.0, 173.0, 87.0, 9.0, 59.0, 30.0], [720.0, 33.0, 0.0, 312.0, 365.0, 337.0, 308.0, 1395.0, 198.0, 1393.0, 484.0, 395.0, 602.0], [87.0, 0.0, 52.0, 0.0, 90.0, 69.0, 43.0, 257.0, 55.0, 15.0, 355.0, 26.0, 64.0], [503.0, 60.0, 107.0, 137.0, 0.0, 125.0, 280.0, 293.0, 136.0, 772.0, 83.0, 296.0, 205.0], [697.0, 63.0, 575.0, 419.0, 880.0, 0.0, 302.0, 648.0, 241.0, 898.0, 322.0, 103.0, 343.0], [18.0, 12.0, 16.0, 34.0, 60.0, 12.0, 0.0, 21.0, 8.0, 109.0, 8.0, 132.0, 34.0], [683.0, 58.0, 2147.0, 291.0, 361.0, 322.0, 216.0, 0.0, 248.0, 680.0, 828.0, 883.0, 419.0], [24.0, 10.0, 24.0, 105.0, 9.0, 10.0, 20.0, 42.0, 0.0, 23.0, 56.0, 5.0, 9.0], [1094.0, 95.0, 928.0, 394.0, 1315.0, 471.0, 875.0, 1784.0, 365.0, 0.0, 350.0, 551.0, 659.0], [245.0, 172.0, 737.0, 106.0, 34.0, 979.0, 111.0, 334.0, 190.0, 117.0, 0.0, 77.0, 186.0], [52.0, 22.0, 87.0, 30.0, 78.0, 15.0, 107.0, 23.0, 17.0, 68.0, 44.0, 0.0, 44.0], [77.0, 12.0, 67.0, 136.0, 78.0, 26.0, 40.0, 341.0, 55.0, 182.0, 52.0, 55.0, 0.0]], "TRCO": 0.4326397356724226}