{"TRCO": 0.4631868789656411, "ARCO": 0.4658176695154342, "err_matrix": [[0.0, 3.0, 50.0, 19.0, 35.0, 62.0, 2.0, 153.0, 33.0, 68.0, 44.0, 3.0, 59.0], [1.0, 0.0, 2.0, 2.0, 4.0, 3.0, 10.0, 6.0, 0.0, 14.0, 5.0, 0.0, 0.0], [55.0, 8.0, 0.0, 18.0, 60.0, 38.0, 25.0, 152.0, 12.0, 190.0, 37.0, 64.0, 78.0], [9.0, 2.0, 0.0, 0.0, 0.0, 4.0, 1.0, 33.0, 21.0, 2.0, 20.0, 3.0, 12.0], [24.0, 3.0, 27.0, 4.0, 0.0, 5.0, 15.0, 30.0, 12.0, 65.0, 6.0, 19.0, 47.0], [177.0, 7.0, 89.0, 41.0, 27.0, 0.0, 4.0, 88.0, 21.0, 53.0, 72.0, 14.0, 62.0], [1.0, 6.0, 25.0, 1.0, 2.0, 0.0, 0.0, 0.0, 7.0, 59.0, 0.0, 12.0, 3.0], [138.0, 2.0, 277.0, 32.0, 42.0, 30.0, 8.0, 0.0, 3.0, 41.0, 92.0, 40.0, 51.0], [4.0, 12.0, 2.0, 13.0, 1.0, 8.0, 0.0, 0.0, 0.0, 0.0, 29.0, 0.0, 4.0], [139.0, 10.0, 118.0, 17.0, 151.0, 56.0, 18.0, 127.0, 19.0, 0.0, 4.0, 56.0, 146.0], [5.0, 4.0, 43.0, 16.0, 1.0, 14.0, 7.0, 38.0, 2.0, 4.0, 0.0, 2.0, 11.0], [3.0, 2.0, 31.0, 1.0, 18.0, 1.0, 6.0, 7.0, 4.0, 41.0, 3.0, 0.0, 6.0], [22.0, 1.0, 8.0, 5.0, 11.0, 5.0, 0.0, 3.0, 5.0, 12.0, 1.0, 1.0, 0.0]]}