{"ARCO": 0.44818914870279086, "err_matrix": [[0.0, 37.0, 1333.0, 416.0, 1111.0, 718.0, 228.0, 1486.0, 290.0, 926.0, 501.0, 492.0, 1583.0], [124.0, 0.0, 29.0, 54.0, 115.0, 16.0, 259.0, 368.0, 362.0, 195.0, 20.0, 119.0, 26.0], [1600.0, 22.0, 0.0, 625.0, 718.0, 724.0, 656.0, 2791.0, 352.0, 3095.0, 821.0, 805.0, 883.0], [197.0, 2.0, 103.0, 0.0, 175.0, 131.0, 79.0, 533.0, 100.0, 43.0, 689.0, 72.0, 159.0], [1030.0, 36.0, 193.0, 269.0, 0.0, 278.0, 574.0, 622.0, 272.0, 1635.0, 135.0, 610.0, 495.0], [1475.0, 74.0, 1203.0, 812.0, 1729.0, 0.0, 636.0, 1347.0, 453.0, 1892.0, 442.0, 233.0, 451.0], [47.0, 16.0, 45.0, 78.0, 112.0, 27.0, 0.0, 54.0, 16.0, 237.0, 15.0, 248.0, 21.0], [1457.0, 59.0, 4164.0, 586.0, 693.0, 649.0, 511.0, 0.0, 450.0, 1442.0, 1539.0, 1759.0, 1283.0], [56.0, 12.0, 45.0, 196.0, 16.0, 22.0, 42.0, 93.0, 0.0, 50.0, 101.0, 12.0, 43.0], [2369.0, 109.0, 1688.0, 807.0, 2407.0, 985.0, 1811.0, 3630.0, 659.0, 0.0, 605.0, 1071.0, 1276.0], [569.0, 138.0, 1458.0, 173.0, 67.0, 2118.0, 416.0, 656.0, 330.0, 271.0, 0.0, 177.0, 412.0], [114.0, 8.0, 182.0, 78.0, 158.0, 33.0, 206.0, 78.0, 32.0, 111.0, 77.0, 0.0, 88.0], [50.0, 13.0, 71.0, 111.0, 60.0, 10.0, 25.0, 91.0, 50.0, 231.0, 71.0, 83.0, 0.0]], "TRCO": 0.43940943539716254}