{"TRCO": 0.46869257182678026, "ARCO": 0.47861723399668427, "err_matrix": [[0.0, 494.0, 3039.0, 1303.0, 3045.0, 5308.0, 671.0, 12619.0, 829.0, 2342.0, 1560.0, 2569.0, 2816.0], [277.0, 0.0, 79.0, 131.0, 253.0, 328.0, 334.0, 774.0, 834.0, 358.0, 53.0, 228.0, 129.0], [5412.0, 1166.0, 0.0, 2101.0, 2437.0, 2486.0, 3693.0, 8588.0, 1389.0, 16073.0, 2568.0, 2965.0, 3891.0], [491.0, 294.0, 250.0, 0.0, 411.0, 296.0, 210.0, 1080.0, 712.0, 222.0, 1890.0, 219.0, 436.0], [1111.0, 823.0, 1315.0, 1026.0, 0.0, 750.0, 1568.0, 1629.0, 917.0, 3532.0, 273.0, 1942.0, 1320.0], [8872.0, 633.0, 3670.0, 2336.0, 2591.0, 0.0, 1373.0, 5722.0, 974.0, 4128.0, 1944.0, 826.0, 2267.0], [86.0, 417.0, 231.0, 338.0, 269.0, 119.0, 0.0, 328.0, 119.0, 1815.0, 29.0, 510.0, 158.0], [6300.0, 585.0, 11583.0, 2039.0, 2083.0, 3192.0, 1868.0, 0.0, 930.0, 2743.0, 4713.0, 4304.0, 2442.0], [541.0, 729.0, 182.0, 1142.0, 134.0, 167.0, 114.0, 296.0, 0.0, 220.0, 360.0, 85.0, 110.0], [4429.0, 1289.0, 6154.0, 2402.0, 9121.0, 2184.0, 4404.0, 8944.0, 1772.0, 0.0, 1765.0, 2803.0, 3285.0], [1134.0, 1140.0, 3333.0, 411.0, 183.0, 4484.0, 492.0, 1691.0, 588.0, 838.0, 0.0, 334.0, 788.0], [289.0, 338.0, 468.0, 150.0, 450.0, 201.0, 2798.0, 626.0, 198.0, 1306.0, 218.0, 0.0, 170.0], [2015.0, 236.0, 1036.0, 715.0, 457.0, 404.0, 372.0, 2571.0, 292.0, 941.0, 512.0, 415.0, 0.0]]}