{"ARCO": 0.44113839017957357, "err_matrix": [[0.0, 56.0, 1600.0, 429.0, 1318.0, 766.0, 204.0, 1753.0, 276.0, 922.0, 595.0, 499.0, 698.0], [88.0, 0.0, 29.0, 64.0, 128.0, 12.0, 183.0, 345.0, 336.0, 170.0, 21.0, 118.0, 57.0], [1434.0, 63.0, 0.0, 593.0, 755.0, 688.0, 596.0, 2773.0, 386.0, 2811.0, 988.0, 813.0, 1236.0], [182.0, 1.0, 108.0, 0.0, 174.0, 130.0, 81.0, 518.0, 109.0, 34.0, 705.0, 58.0, 121.0], [990.0, 126.0, 213.0, 276.0, 0.0, 244.0, 545.0, 602.0, 266.0, 1545.0, 180.0, 577.0, 426.0], [1381.0, 133.0, 1160.0, 818.0, 1749.0, 0.0, 603.0, 1307.0, 488.0, 1773.0, 634.0, 207.0, 694.0], [41.0, 25.0, 39.0, 72.0, 118.0, 23.0, 0.0, 44.0, 15.0, 213.0, 17.0, 254.0, 74.0], [1387.0, 111.0, 4280.0, 579.0, 727.0, 646.0, 452.0, 0.0, 481.0, 1346.0, 1651.0, 1744.0, 839.0], [54.0, 17.0, 48.0, 207.0, 21.0, 17.0, 41.0, 81.0, 0.0, 42.0, 114.0, 10.0, 18.0], [2199.0, 191.0, 1834.0, 789.0, 2632.0, 932.0, 1727.0, 3567.0, 727.0, 0.0, 693.0, 1084.0, 1355.0], [490.0, 351.0, 1479.0, 200.0, 67.0, 1972.0, 229.0, 657.0, 369.0, 236.0, 0.0, 149.0, 370.0], [105.0, 41.0, 180.0, 67.0, 161.0, 27.0, 215.0, 56.0, 34.0, 127.0, 91.0, 0.0, 72.0], [150.0, 27.0, 126.0, 286.0, 148.0, 55.0, 64.0, 673.0, 110.0, 371.0, 104.0, 109.0, 0.0]], "TRCO": 0.4328599900348779}