{"ARCO": 0.47712665453503655, "TRCO": 0.4673398453886259, "err_matrix": [[0.0, 33.0, 177.0, 78.0, 198.0, 327.0, 41.0, 801.0, 50.0, 147.0, 101.0, 161.0, 176.0], [20.0, 0.0, 3.0, 9.0, 14.0, 19.0, 24.0, 49.0, 53.0, 25.0, 2.0, 14.0, 8.0], [329.0, 69.0, 0.0, 135.0, 141.0, 159.0, 249.0, 550.0, 91.0, 982.0, 163.0, 190.0, 240.0], [29.0, 21.0, 16.0, 0.0, 24.0, 20.0, 18.0, 67.0, 44.0, 12.0, 119.0, 17.0, 30.0], [78.0, 53.0, 83.0, 70.0, 0.0, 50.0, 104.0, 93.0, 63.0, 212.0, 18.0, 122.0, 82.0], [528.0, 40.0, 229.0, 148.0, 169.0, 0.0, 90.0, 373.0, 56.0, 258.0, 119.0, 57.0, 141.0], [2.0, 26.0, 11.0, 24.0, 13.0, 8.0, 0.0, 24.0, 6.0, 114.0, 3.0, 32.0, 14.0], [383.0, 36.0, 733.0, 121.0, 145.0, 204.0, 117.0, 0.0, 59.0, 164.0, 289.0, 262.0, 152.0], [29.0, 48.0, 7.0, 68.0, 8.0, 15.0, 8.0, 17.0, 0.0, 18.0, 23.0, 6.0, 11.0], [271.0, 79.0, 390.0, 146.0, 580.0, 135.0, 284.0, 571.0, 105.0, 0.0, 106.0, 182.0, 197.0], [72.0, 69.0, 215.0, 24.0, 10.0, 273.0, 29.0, 104.0, 36.0, 58.0, 0.0, 17.0, 59.0], [20.0, 22.0, 26.0, 14.0, 30.0, 13.0, 175.0, 39.0, 10.0, 87.0, 10.0, 0.0, 11.0], [125.0, 14.0, 72.0, 50.0, 27.0, 25.0, 26.0, 166.0, 14.0, 62.0, 23.0, 23.0, 0.0]]}