{"TRCO": 0.4492822966507177, "ARCO": 0.4529119877961357, "err_matrix": [[0.0, 0.0, 28.0, 10.0, 22.0, 26.0, 0.0, 69.0, 17.0, 36.0, 23.0, 1.0, 37.0], [0.0, 0.0, 3.0, 0.0, 3.0, 3.0, 4.0, 4.0, 1.0, 6.0, 5.0, 0.0, 0.0], [28.0, 4.0, 0.0, 11.0, 24.0, 20.0, 14.0, 61.0, 7.0, 97.0, 16.0, 29.0, 41.0], [5.0, 3.0, 1.0, 0.0, 0.0, 4.0, 0.0, 15.0, 9.0, 1.0, 10.0, 0.0, 6.0], [9.0, 2.0, 17.0, 3.0, 0.0, 2.0, 8.0, 17.0, 6.0, 36.0, 5.0, 5.0, 31.0], [92.0, 2.0, 41.0, 27.0, 16.0, 0.0, 1.0, 39.0, 13.0, 21.0, 39.0, 2.0, 36.0], [1.0, 4.0, 6.0, 1.0, 0.0, 0.0, 0.0, 1.0, 3.0, 43.0, 0.0, 5.0, 3.0], [67.0, 2.0, 141.0, 16.0, 20.0, 16.0, 4.0, 0.0, 1.0, 22.0, 56.0, 15.0, 29.0], [1.0, 5.0, 3.0, 10.0, 1.0, 3.0, 0.0, 0.0, 0.0, 0.0, 13.0, 0.0, 3.0], [69.0, 6.0, 75.0, 8.0, 84.0, 36.0, 11.0, 61.0, 7.0, 0.0, 5.0, 25.0, 69.0], [3.0, 1.0, 25.0, 10.0, 0.0, 9.0, 4.0, 14.0, 4.0, 0.0, 0.0, 1.0, 5.0], [1.0, 2.0, 16.0, 1.0, 9.0, 0.0, 3.0, 5.0, 2.0, 23.0, 1.0, 0.0, 1.0], [11.0, 2.0, 4.0, 4.0, 4.0, 0.0, 1.0, 2.0, 1.0, 7.0, 1.0, 0.0, 0.0]]}