{"ARCO": 0.4791685560882805, "TRCO": 0.46911008885625666, "err_matrix": [[0.0, 62.0, 381.0, 158.0, 373.0, 672.0, 81.0, 1571.0, 101.0, 293.0, 189.0, 325.0, 348.0], [37.0, 0.0, 9.0, 17.0, 30.0, 37.0, 45.0, 93.0, 107.0, 48.0, 7.0, 26.0, 16.0], [664.0, 143.0, 0.0, 251.0, 303.0, 316.0, 495.0, 1076.0, 173.0, 1981.0, 322.0, 377.0, 469.0], [58.0, 38.0, 31.0, 0.0, 49.0, 40.0, 31.0, 132.0, 91.0, 32.0, 239.0, 25.0, 54.0], [137.0, 101.0, 171.0, 132.0, 0.0, 91.0, 186.0, 210.0, 119.0, 440.0, 34.0, 238.0, 164.0], [1098.0, 76.0, 468.0, 296.0, 324.0, 0.0, 173.0, 729.0, 115.0, 509.0, 244.0, 110.0, 286.0], [10.0, 53.0, 24.0, 44.0, 28.0, 17.0, 0.0, 50.0, 14.0, 230.0, 4.0, 65.0, 20.0], [776.0, 78.0, 1453.0, 249.0, 266.0, 405.0, 237.0, 0.0, 121.0, 333.0, 594.0, 549.0, 302.0], [65.0, 93.0, 19.0, 132.0, 16.0, 24.0, 15.0, 34.0, 0.0, 30.0, 47.0, 13.0, 19.0], [548.0, 166.0, 752.0, 297.0, 1159.0, 269.0, 554.0, 1120.0, 214.0, 0.0, 230.0, 348.0, 399.0], [146.0, 139.0, 426.0, 52.0, 22.0, 552.0, 54.0, 213.0, 74.0, 107.0, 0.0, 38.0, 98.0], [36.0, 46.0, 54.0, 21.0, 67.0, 28.0, 349.0, 75.0, 22.0, 166.0, 22.0, 0.0, 21.0], [255.0, 33.0, 136.0, 84.0, 60.0, 55.0, 53.0, 325.0, 28.0, 118.0, 52.0, 51.0, 0.0]]}