{"relax": {"TRCO": 0.3893980516330357, "err_matrix": [[0.0, 162.0, 960.0, 210.0, 476.0, 283.0, 59.0, 747.0, 107.0, 722.0, 192.0, 331.0, 195.0], [87.0, 0.0, 49.0, 21.0, 32.0, 11.0, 66.0, 106.0, 136.0, 87.0, 11.0, 66.0, 19.0], [743.0, 149.0, 0.0, 278.0, 683.0, 278.0, 204.0, 2098.0, 171.0, 1681.0, 307.0, 400.0, 369.0], [185.0, 8.0, 91.0, 0.0, 73.0, 46.0, 15.0, 224.0, 56.0, 49.0, 331.0, 68.0, 34.0], [476.0, 220.0, 368.0, 119.0, 0.0, 119.0, 170.0, 251.0, 129.0, 894.0, 34.0, 863.0, 134.0], [1130.0, 313.0, 938.0, 402.0, 873.0, 0.0, 149.0, 557.0, 197.0, 733.0, 314.0, 334.0, 193.0], [16.0, 41.0, 46.0, 45.0, 56.0, 7.0, 0.0, 20.0, 6.0, 111.0, 8.0, 178.0, 18.0], [1272.0, 141.0, 2161.0, 270.0, 482.0, 194.0, 124.0, 0.0, 235.0, 727.0, 659.0, 962.0, 259.0], [67.0, 22.0, 31.0, 91.0, 8.0, 19.0, 12.0, 32.0, 0.0, 29.0, 46.0, 8.0, 4.0], [1059.0, 683.0, 1204.0, 341.0, 2244.0, 327.0, 536.0, 1404.0, 296.0, 0.0, 175.0, 732.0, 387.0], [388.0, 265.0, 827.0, 90.0, 62.0, 665.0, 51.0, 475.0, 160.0, 231.0, 0.0, 69.0, 101.0], [50.0, 67.0, 91.0, 40.0, 56.0, 13.0, 77.0, 44.0, 16.0, 67.0, 33.0, 0.0, 23.0], [168.0, 37.0, 83.0, 126.0, 104.0, 19.0, 24.0, 281.0, 54.0, 208.0, 34.0, 90.0, 0.0]], "ARCO": 0.39539810082665744}, "strict": {"TRCO": 0.1515294549554865, "err_matrix": [[0.0, 7.0, 127.0, 139.0, 119.0, 125.0, 16.0, 77.0, 59.0, 33.0, 87.0, 33.0, 195.0, 1730.0, 40.0, 154.0, 37.0, 55.0, 153.0, 38.0, 382.0, 32.0, 303.0, 98.0, 33.0, 0.0, 0.0, 0.0, 0.0, 248.0, 0.0, 0.0, 0.0, 0.0, 126.0, 0.0, 95.0, 466.0, 73.0, 579.0, 0.0, 40.0, 0.0, 0.0, 254.0, 0.0, 199.0, 0.0, 166.0], [0.0, 0.0, 0.0, 0.0, 0.0, 0.0, 0.0, 0.0, 0.0, 0.0, 0.0, 0.0, 0.0, 0.0, 0.0, 0.0, 0.0, 0.0, 0.0, 0.0, 0.0, 0.0, 0.0, 0.0, 0.0, 0.0, 0.0, 0.0, 0.0, 0.0, 0.0, 0.0, 0.0, 0.0, 0.0, 0.0, 0.0, 0.0, 0.0, 0.0, 0.0, 0.0, 0.0, 0.0, 0.0, 0.0, 0.0, 0.0, 0.0], [77.0, 6.0, 0.0, 150.0, 64.0, 25.0, 37.0, 147.0, 64.0, 85.0, 154.0, 40.0, 338.0, 353.0, 56.0, 391.0, 107.0, 28.0, 48.0, 151.0, 235.0, 53.0, 72.0, 46.0, 144.0, 0.0, 0.0, 0.0, 0.0, 149.0, 0.0, 0.0, 0.0, 0.0, 101.0, 0.0, 7.0, 45.0, 47.0, 3152.0, 0.0, 218.0, 0.0, 0.0, 983.0, 0.0, 857.0, 0.0, 55.0], [0.0, 0.0, 7.0, 0.0, 18.0, 27.0, 10.0, 4.0, 10.0, 2.0, 247.0, 18.0, 34.0, 132.0, 0.0, 10.0, 34.0, 6.0, 19.0, 3.0, 190.0, 40.0, 5.0, 82.0, 1.0, 0.0, 0.0, 0.0, 0.0, 49.0, 0.0, 0.0, 0.0, 0.0, 22.0, 0.0, 23.0, 10.0, 7.0, 68.0, 0.0, 0.0, 0.0, 0.0, 17.0, 0.0, 16.0, 0.0, 22.0], [91.0, 11.0, 26.0, 81.0, 0.0, 27.0, 104.0, 31.0, 26.0, 28.0, 14.0, 40.0, 121.0, 185.0, 112.0, 14.0, 21.0, 115.0, 50.0, 48.0, 66.0, 79.0, 137.0, 10.0, 20.0, 0.0, 0.0, 0.0, 0.0, 764.0, 0.0, 0.0, 0.0, 0.0, 197.0, 0.0, 347.0, 73.0, 88.0, 230.0, 0.0, 163.0, 0.0, 0.0, 40.0, 0.0, 448.0, 0.0, 286.0], [74.0, 23.0, 54.0, 221.0, 146.0, 0.0, 40.0, 58.0, 79.0, 26.0, 86.0, 45.0, 166.0, 476.0, 20.0, 346.0, 131.0, 17.0, 1314.0, 87.0, 163.0, 62.0, 137.0, 222.0, 9.0, 0.0, 0.0, 0.0, 0.0, 168.0, 0.0, 0.0, 0.0, 0.0, 116.0, 0.0, 123.0, 393.0, 242.0, 429.0, 0.0, 281.0, 0.0, 0.0, 176.0, 0.0, 280.0, 0.0, 40.0], [0.0, 0.0, 0.0, 0.0, 0.0, 0.0, 0.0, 0.0, 0.0, 0.0, 0.0, 0.0, 0.0, 0.0, 0.0, 0.0, 0.0, 0.0, 0.0, 0.0, 0.0, 0.0, 0.0, 0.0, 0.0, 0.0, 0.0, 0.0, 0.0, 0.0, 0.0, 0.0, 0.0, 0.0, 0.0, 0.0, 0.0, 0.0, 0.0, 0.0, 0.0, 0.0, 0.0, 0.0, 0.0, 0.0, 0.0, 0.0, 0.0], [116.0, 15.0, 241.0, 59.0, 77.0, 60.0, 36.0, 0.0, 44.0, 19.0, 93.0, 51.0, 174.0, 731.0, 29.0, 98.0, 52.0, 64.0, 51.0, 46.0, 2255.0, 147.0, 52.0, 29.0, 374.0, 0.0, 0.0, 0.0, 0.0, 103.0, 0.0, 0.0, 0.0, 0.0, 96.0, 0.0, 79.0, 131.0, 49.0, 750.0, 0.0, 147.0, 0.0, 0.0, 368.0, 0.0, 363.0, 0.0, 343.0], [0.0, 4.0, 4.0, 83.0, 3.0, 3.0, 1.0, 6.0, 0.0, 0.0, 32.0, 3.0, 4.0, 53.0, 7.0, 12.0, 8.0, 0.0, 16.0, 11.0, 21.0, 284.0, 6.0, 14.0, 1.0, 0.0, 0.0, 0.0, 0.0, 4.0, 0.0, 0.0, 0.0, 0.0, 2.0, 0.0, 2.0, 14.0, 11.0, 15.0, 0.0, 1.0, 0.0, 0.0, 5.0, 0.0, 21.0, 0.0, 2.0], [100.0, 20.0, 184.0, 99.0, 64.0, 82.0, 85.0, 61.0, 76.0, 0.0, 48.0, 18.0, 177.0, 287.0, 140.0, 77.0, 47.0, 32.0, 104.0, 138.0, 274.0, 102.0, 304.0, 54.0, 45.0, 0.0, 0.0, 0.0, 0.0, 245.0, 0.0, 0.0, 0.0, 0.0, 1178.0, 0.0, 46.0, 119.0, 209.0, 260.0, 0.0, 657.0, 0.0, 0.0, 73.0, 0.0, 1418.0, 0.0, 69.0], [7.0, 16.0, 30.0, 33.0, 20.0, 265.0, 20.0, 22.0, 45.0, 15.0, 0.0, 13.0, 99.0, 180.0, 130.0, 236.0, 53.0, 3.0, 362.0, 27.0, 381.0, 107.0, 6.0, 835.0, 25.0, 0.0, 0.0, 0.0, 0.0, 3.0, 0.0, 0.0, 0.0, 0.0, 87.0, 0.0, 2.0, 174.0, 32.0, 511.0, 0.0, 36.0, 0.0, 0.0, 68.0, 0.0, 101.0, 0.0, 25.0], [3.0, 0.0, 0.0, 0.0, 2.0, 0.0, 0.0, 0.0, 0.0, 1.0, 0.0, 0.0, 0.0, 5.0, 3.0, 0.0, 1.0, 1.0, 1.0, 0.0, 0.0, 0.0, 1.0, 0.0, 2.0, 0.0, 0.0, 0.0, 0.0, 2.0, 0.0, 0.0, 0.0, 0.0, 1.0, 0.0, 0.0, 0.0, 0.0, 0.0, 0.0, 0.0, 0.0, 0.0, 1.0, 0.0, 0.0, 0.0, 42.0], [20.0, 3.0, 24.0, 102.0, 36.0, 8.0, 16.0, 48.0, 27.0, 13.0, 22.0, 16.0, 0.0, 89.0, 14.0, 19.0, 24.0, 9.0, 11.0, 8.0, 171.0, 27.0, 28.0, 12.0, 12.0, 0.0, 0.0, 0.0, 0.0, 10.0, 0.0, 0.0, 0.0, 0.0, 61.0, 0.0, 8.0, 59.0, 20.0, 40.0, 0.0, 49.0, 0.0, 0.0, 62.0, 0.0, 106.0, 0.0, 54.0], [19.0, 0.0, 17.0, 1.0, 0.0, 3.0, 0.0, 1.0, 16.0, 0.0, 2.0, 3.0, 0.0, 0.0, 9.0, 33.0, 33.0, 0.0, 2.0, 5.0, 21.0, 0.0, 24.0, 5.0, 1.0, 0.0, 0.0, 0.0, 0.0, 0.0, 0.0, 0.0, 0.0, 0.0, 21.0, 0.0, 0.0, 19.0, 33.0, 50.0, 0.0, 14.0, 0.0, 0.0, 12.0, 0.0, 16.0, 0.0, 0.0], [15.0, 12.0, 2.0, 20.0, 12.0, 0.0, 28.0, 30.0, 39.0, 9.0, 3.0, 7.0, 19.0, 54.0, 0.0, 17.0, 1.0, 14.0, 11.0, 38.0, 58.0, 97.0, 5.0, 8.0, 13.0, 0.0, 0.0, 0.0, 0.0, 6.0, 0.0, 0.0, 0.0, 0.0, 55.0, 0.0, 20.0, 18.0, 7.0, 30.0, 0.0, 0.0, 0.0, 0.0, 18.0, 0.0, 18.0, 0.0, 26.0], [27.0, 1.0, 176.0, 13.0, 16.0, 44.0, 6.0, 70.0, 7.0, 11.0, 70.0, 12.0, 31.0, 135.0, 5.0, 0.0, 6.0, 10.0, 135.0, 7.0, 317.0, 28.0, 22.0, 18.0, 95.0, 0.0, 0.0, 0.0, 0.0, 14.0, 0.0, 0.0, 0.0, 0.0, 80.0, 0.0, 8.0, 60.0, 27.0, 337.0, 0.0, 141.0, 0.0, 0.0, 167.0, 0.0, 305.0, 0.0, 31.0], [0.0, 0.0, 0.0, 28.0, 0.0, 0.0, 1.0, 0.0, 3.0, 0.0, 2.0, 0.0, 0.0, 43.0, 0.0, 1.0, 0.0, 0.0, 0.0, 1.0, 12.0, 3.0, 0.0, 0.0, 0.0, 0.0, 0.0, 0.0, 0.0, 0.0, 0.0, 0.0, 0.0, 0.0, 1.0, 0.0, 1.0, 0.0, 1.0, 5.0, 0.0, 0.0, 0.0, 0.0, 1.0, 0.0, 3.0, 0.0, 3.0], [17.0, 1.0, 1.0, 13.0, 35.0, 15.0, 7.0, 22.0, 7.0, 1.0, 6.0, 3.0, 13.0, 82.0, 3.0, 8.0, 4.0, 0.0, 27.0, 11.0, 84.0, 17.0, 20.0, 4.0, 6.0, 0.0, 0.0, 0.0, 0.0, 39.0, 0.0, 0.0, 0.0, 0.0, 19.0, 0.0, 95.0, 28.0, 5.0, 89.0, 0.0, 21.0, 0.0, 0.0, 8.0, 0.0, 44.0, 0.0, 66.0], [15.0, 0.0, 19.0, 46.0, 76.0, 13.0, 13.0, 26.0, 16.0, 1.0, 2.0, 1.0, 27.0, 133.0, 5.0, 9.0, 4.0, 11.0, 0.0, 9.0, 109.0, 40.0, 16.0, 4.0, 4.0, 0.0, 0.0, 0.0, 0.0, 127.0, 0.0, 0.0, 0.0, 0.0, 40.0, 0.0, 92.0, 39.0, 23.0, 81.0, 0.0, 47.0, 0.0, 0.0, 25.0, 0.0, 117.0, 0.0, 20.0], [8.0, 12.0, 5.0, 31.0, 17.0, 5.0, 58.0, 5.0, 0.0, 20.0, 3.0, 33.0, 18.0, 6.0, 10.0, 3.0, 14.0, 3.0, 2.0, 0.0, 9.0, 6.0, 13.0, 5.0, 33.0, 0.0, 0.0, 0.0, 0.0, 20.0, 0.0, 0.0, 0.0, 0.0, 23.0, 0.0, 72.0, 2.0, 19.0, 38.0, 0.0, 16.0, 0.0, 0.0, 6.0, 0.0, 55.0, 0.0, 40.0], [16.0, 3.0, 174.0, 93.0, 21.0, 53.0, 24.0, 75.0, 8.0, 7.0, 462.0, 17.0, 85.0, 183.0, 31.0, 70.0, 66.0, 9.0, 30.0, 18.0, 0.0, 36.0, 22.0, 75.0, 54.0, 0.0, 0.0, 0.0, 0.0, 26.0, 0.0, 0.0, 0.0, 0.0, 52.0, 0.0, 13.0, 95.0, 14.0, 828.0, 0.0, 35.0, 0.0, 0.0, 198.0, 0.0, 116.0, 0.0, 31.0], [0.0, 0.0, 0.0, 0.0, 0.0, 0.0, 0.0, 0.0, 0.0, 0.0, 0.0, 0.0, 0.0, 0.0, 0.0, 0.0, 0.0, 0.0, 0.0, 0.0, 0.0, 0.0, 0.0, 0.0, 0.0, 0.0, 0.0, 0.0, 0.0, 0.0, 0.0, 0.0, 0.0, 0.0, 0.0, 0.0, 0.0, 0.0, 0.0, 0.0, 0.0, 0.0, 0.0, 0.0, 0.0, 0.0, 0.0, 0.0, 0.0], [146.0, 5.0, 151.0, 140.0, 133.0, 70.0, 55.0, 118.0, 61.0, 107.0, 36.0, 40.0, 210.0, 332.0, 38.0, 62.0, 55.0, 72.0, 71.0, 258.0, 781.0, 57.0, 0.0, 37.0, 163.0, 0.0, 0.0, 0.0, 0.0, 370.0, 0.0, 0.0, 0.0, 0.0, 693.0, 0.0, 176.0, 75.0, 271.0, 470.0, 0.0, 671.0, 0.0, 0.0, 97.0, 0.0, 1207.0, 0.0, 175.0], [0.0, 5.0, 0.0, 2.0, 0.0, 6.0, 0.0, 0.0, 4.0, 0.0, 0.0, 0.0, 0.0, 2.0, 65.0, 16.0, 0.0, 0.0, 4.0, 4.0, 0.0, 0.0, 0.0, 0.0, 1.0, 0.0, 0.0, 0.0, 0.0, 0.0, 0.0, 0.0, 0.0, 0.0, 6.0, 0.0, 0.0, 0.0, 1.0, 30.0, 0.0, 0.0, 0.0, 0.0, 2.0, 0.0, 9.0, 0.0, 0.0], [1.0, 6.0, 30.0, 13.0, 24.0, 3.0, 28.0, 9.0, 8.0, 4.0, 28.0, 80.0, 23.0, 35.0, 40.0, 31.0, 26.0, 5.0, 9.0, 49.0, 6.0, 8.0, 6.0, 5.0, 0.0, 0.0, 0.0, 0.0, 0.0, 17.0, 