{"ARCO": 0.2398183770592402, "err_matrix": [[0.0, 265.0, 1104.0, 2566.0, 871.0, 1071.0, 179.0, 481.0, 2004.0, 1581.0, 536.0, 317.0, 866.0], [82.0, 0.0, 28.0, 171.0, 80.0, 32.0, 146.0, 53.0, 205.0, 502.0, 3.0, 106.0, 83.0], [1192.0, 561.0, 0.0, 2836.0, 485.0, 757.0, 909.0, 1510.0, 1270.0, 2778.0, 1145.0, 1610.0, 3205.0], [409.0, 53.0, 39.0, 0.0, 57.0, 208.0, 9.0, 220.0, 259.0, 32.0, 248.0, 53.0, 118.0], [710.0, 407.0, 530.0, 2103.0, 0.0, 591.0, 275.0, 273.0, 1261.0, 2477.0, 184.0, 367.0, 387.0], [1191.0, 325.0, 937.0, 3852.0, 1013.0, 0.0, 317.0, 332.0, 1710.0, 2388.0, 1100.0, 147.0, 769.0], [22.0, 299.0, 95.0, 275.0, 45.0, 68.0, 0.0, 20.0, 178.0, 272.0, 17.0, 194.0, 76.0], [1532.0, 418.0, 4099.0, 5358.0, 718.0, 637.0, 320.0, 0.0, 1098.0, 1612.0, 1425.0, 1419.0, 2526.0], [85.0, 12.0, 43.0, 450.0, 47.0, 59.0, 54.0, 44.0, 0.0, 69.0, 70.0, 15.0, 94.0], [2781.0, 1201.0, 2215.0, 4200.0, 1547.0, 1450.0, 1470.0, 1227.0, 2656.0, 0.0, 667.0, 704.0, 1524.0], [715.0, 129.0, 870.0, 3096.0, 145.0, 1530.0, 154.0, 324.0, 1371.0, 117.0, 0.0, 127.0, 710.0], [38.0, 125.0, 126.0, 237.0, 99.0, 62.0, 80.0, 246.0, 264.0, 161.0, 111.0, 0.0, 161.0], [207.0, 110.0, 159.0, 614.0, 185.0, 140.0, 73.0, 59.0, 272.0, 348.0, 119.0, 101.0, 0.0]], "TRCO": 0.2412542941808932}