{"TRCO": 0.2719691605695854, "err_matrix": [[0.0, 245.0, 1182.0, 1743.0, 885.0, 1116.0, 240.0, 850.0, 1814.0, 1668.0, 519.0, 312.0, 747.0], [85.0, 0.0, 30.0, 138.0, 82.0, 31.0, 220.0, 89.0, 198.0, 467.0, 4.0, 116.0, 61.0], [1289.0, 540.0, 0.0, 1945.0, 460.0, 753.0, 1158.0, 1838.0, 1143.0, 2845.0, 1111.0, 1560.0, 2922.0], [433.0, 51.0, 45.0, 0.0, 68.0, 242.0, 12.0, 408.0, 233.0, 35.0, 292.0, 58.0, 122.0], [699.0, 413.0, 506.0, 1644.0, 0.0, 630.0, 348.0, 389.0, 1163.0, 2614.0, 167.0, 372.0, 387.0], [1247.0, 315.0, 1020.0, 3038.0, 1171.0, 0.0, 411.0, 423.0, 1490.0, 2592.0, 1000.0, 143.0, 705.0], [17.0, 275.0, 77.0, 162.0, 56.0, 80.0, 0.0, 23.0, 160.0, 287.0, 21.0, 206.0, 79.0], [1846.0, 381.0, 4407.0, 2908.0, 729.0, 671.0, 448.0, 0.0, 1022.0, 1840.0, 1444.0, 1426.0, 2257.0], [87.0, 6.0, 47.0, 383.0, 47.0, 75.0, 52.0, 64.0, 0.0, 58.0, 90.0, 14.0, 104.0], [2963.0, 1199.0, 2175.0, 3058.0, 1626.0, 1595.0, 1954.0, 1440.0, 2294.0, 0.0, 597.0, 738.0, 1256.0], [722.0, 96.0, 1077.0, 2591.0, 166.0, 1573.0, 181.0, 394.0, 1267.0, 132.0, 0.0, 119.0, 623.0], [47.0, 118.0, 137.0, 238.0, 101.0, 61.0, 104.0, 236.0, 241.0, 161.0, 100.0, 0.0, 151.0], [193.0, 113.0, 164.0, 497.0, 197.0, 131.0, 101.0, 100.0, 252.0, 394.0, 128.0, 106.0, 0.0]], "ARCO": 0.27405120528967153}