{"TRCO": 0.468399007949888, "err_matrix": [[0.0, 132.0, 761.0, 324.0, 773.0, 1322.0, 173.0, 3147.0, 205.0, 585.0, 373.0, 641.0, 705.0], [67.0, 0.0, 21.0, 36.0, 61.0, 81.0, 88.0, 186.0, 207.0, 90.0, 12.0, 57.0, 28.0], [1354.0, 280.0, 0.0, 526.0, 587.0, 618.0, 958.0, 2138.0, 343.0, 4010.0, 652.0, 752.0, 969.0], [121.0, 75.0, 57.0, 0.0, 107.0, 77.0, 54.0, 267.0, 189.0, 55.0, 472.0, 56.0, 108.0], [281.0, 208.0, 331.0, 264.0, 0.0, 181.0, 396.0, 403.0, 241.0, 888.0, 61.0, 495.0, 325.0], [2214.0, 153.0, 925.0, 600.0, 650.0, 0.0, 340.0, 1443.0, 247.0, 1039.0, 505.0, 200.0, 570.0], [19.0, 103.0, 54.0, 85.0, 63.0, 28.0, 0.0, 84.0, 32.0, 455.0, 7.0, 138.0, 38.0], [1537.0, 152.0, 2890.0, 499.0, 514.0, 802.0, 475.0, 0.0, 230.0, 680.0, 1198.0, 1086.0, 608.0], [135.0, 180.0, 43.0, 288.0, 33.0, 45.0, 26.0, 78.0, 0.0, 56.0, 94.0, 21.0, 32.0], [1101.0, 320.0, 1527.0, 576.0, 2287.0, 550.0, 1101.0, 2231.0, 447.0, 0.0, 449.0, 714.0, 819.0], [289.0, 278.0, 833.0, 104.0, 45.0, 1124.0, 120.0, 425.0, 149.0, 209.0, 0.0, 80.0, 194.0], [74.0, 85.0, 116.0, 39.0, 117.0, 53.0, 698.0, 149.0, 47.0, 331.0, 54.0, 0.0, 43.0], [504.0, 60.0, 274.0, 172.0, 122.0, 105.0, 99.0, 646.0, 65.0, 245.0, 111.0, 99.0, 0.0]], "ARCO": 0.47828983593775176}