{"TRCO": 0.4902031305025438, "ARCO": 0.49565566856389265, "err_matrix": [[0.0, 44.0, 614.0, 286.0, 735.0, 1284.0, 54.0, 2030.0, 619.0, 862.0, 408.0, 121.0, 1170.0], [24.0, 0.0, 6.0, 23.0, 97.0, 27.0, 73.0, 75.0, 18.0, 160.0, 50.0, 54.0, 15.0], [1025.0, 129.0, 0.0, 263.0, 917.0, 859.0, 579.0, 1802.0, 306.0, 2312.0, 363.0, 1198.0, 1493.0], [132.0, 61.0, 19.0, 0.0, 30.0, 98.0, 23.0, 407.0, 305.0, 12.0, 119.0, 69.0, 236.0], [368.0, 159.0, 407.0, 108.0, 0.0, 79.0, 203.0, 443.0, 195.0, 780.0, 65.0, 349.0, 567.0], [2377.0, 91.0, 1249.0, 805.0, 420.0, 0.0, 26.0, 1284.0, 282.0, 942.0, 670.0, 121.0, 1024.0], [17.0, 82.0, 264.0, 64.0, 59.0, 6.0, 0.0, 1.0, 63.0, 1034.0, 0.0, 199.0, 36.0], [1845.0, 80.0, 3576.0, 577.0, 736.0, 760.0, 183.0, 0.0, 105.0, 711.0, 1274.0, 780.0, 1125.0], [40.0, 177.0, 25.0, 249.0, 6.0, 58.0, 24.0, 15.0, 0.0, 4.0, 188.0, 8.0, 22.0], [2654.0, 331.0, 1616.0, 379.0, 2165.0, 900.0, 387.0, 1532.0, 194.0, 0.0, 104.0, 718.0, 2530.0], [170.0, 90.0, 822.0, 188.0, 33.0, 273.0, 52.0, 559.0, 105.0, 114.0, 0.0, 27.0, 349.0], [30.0, 41.0, 543.0, 21.0, 152.0, 31.0, 49.0, 72.0, 76.0, 523.0, 52.0, 0.0, 99.0], [366.0, 57.0, 54.0, 89.0, 132.0, 26.0, 23.0, 45.0, 38.0, 178.0, 26.0, 10.0, 0.0]]}