{"relax": {"TRCO": 0.2173576692103952, "err_matrix": [[0.0, 603.0, 2438.0, 431.0, 1485.0, 407.0, 87.0, 1989.0, 695.0, 1757.0, 433.0, 820.0, 42.0], [124.0, 0.0, 306.0, 74.0, 66.0, 68.0, 42.0, 56.0, 115.0, 323.0, 105.0, 179.0, 6.0], [2586.0, 1353.0, 0.0, 1142.0, 3296.0, 307.0, 469.0, 1864.0, 562.0, 2467.0, 567.0, 1731.0, 127.0], [969.0, 40.0, 595.0, 0.0, 564.0, 61.0, 4.0, 321.0, 108.0, 528.0, 184.0, 221.0, 20.0], [905.0, 690.0, 1778.0, 328.0, 0.0, 209.0, 141.0, 810.0, 529.0, 2288.0, 150.0, 1194.0, 23.0], [2463.0, 955.0, 2914.0, 1146.0, 1473.0, 0.0, 193.0, 1166.0, 385.0, 3135.0, 734.0, 1471.0, 42.0], [53.0, 170.0, 248.0, 36.0, 137.0, 19.0, 0.0, 83.0, 59.0, 379.0, 68.0, 587.0, 11.0], [4880.0, 583.0, 6390.0, 952.0, 2512.0, 263.0, 159.0, 0.0, 240.0, 2198.0, 742.0, 2312.0, 94.0], [201.0, 57.0, 139.0, 215.0, 76.0, 73.0, 15.0, 151.0, 0.0, 557.0, 41.0, 37.0, 3.0], [2746.0, 2388.0, 4839.0, 911.0, 4002.0, 713.0, 647.0, 2103.0, 866.0, 0.0, 898.0, 2079.0, 95.0], [2203.0, 213.0, 2626.0, 604.0, 773.0, 544.0, 59.0, 864.0, 196.0, 1334.0, 0.0, 742.0, 23.0], [123.0, 79.0, 339.0, 127.0, 170.0, 8.0, 29.0, 327.0, 137.0, 123.0, 110.0, 0.0, 12.0], [308.0, 187.0, 337.0, 88.0, 314.0, 47.0, 62.0, 298.0, 75.0, 388.0, 65.0, 558.0, 0.0]], "ARCO": 0.2166440671208188}, "strict": {"TRCO": 0.06108226470511106, "err_matrix": [[0.0, 23.0, 76.0, 239.0, 84.0, 125.0, 22.0, 74.0, 226.0, 224.0, 169.0, 53.0, 42.0, 2478.0, 195.0, 873.0, 152.0, 338.0, 282.0, 56.0, 144.0, 105.0, 577.0, 227.0, 23.0, 0.0, 0.0, 0.0, 0.0, 375.0, 0.0, 0.0, 0.0, 0.0, 520.0, 0.0, 546.0, 673.0, 369.0, 1437.0, 0.0, 677.0, 0.0, 0.0, 1534.0, 0.0, 343.0, 0.0, 143.0], [0.0, 0.0, 0.0, 0.0, 0.0, 0.0, 0.0, 0.0, 0.0, 0.0, 0.0, 0.0, 0.0, 0.0, 0.0, 0.0, 0.0, 0.0, 0.0, 0.0, 0.0, 0.0, 0.0, 0.0, 0.0, 0.0, 0.0, 0.0, 0.0, 0.0, 0.0, 0.0, 0.0, 0.0, 0.0, 0.0, 0.0, 0.0, 0.0, 0.0, 0.0, 0.0, 0.0, 0.0, 0.0, 0.0, 0.0, 0.0, 0.0], [50.0, 83.0, 0.0, 253.0, 58.0, 53.0, 77.0, 104.0, 118.0, 424.0, 167.0, 158.0, 112.0, 1007.0, 137.0, 2173.0, 715.0, 101.0, 69.0, 376.0, 240.0, 154.0, 302.0, 239.0, 451.0, 0.0, 0.0, 0.0, 0.0, 1475.0, 0.0, 0.0, 0.0, 0.0, 250.0, 0.0, 695.0, 451.0, 580.0, 4407.0, 0.0, 1026.0, 0.0, 0.0, 1082.0, 0.0, 929.0, 0.0, 62.0], [20.0, 20.0, 3.0, 0.0, 8.0, 7.0, 2.0, 32.0, 64.0, 1.0, 91.0, 10.0, 20.0, 658.0, 0.0, 162.0, 70.0, 70.0, 52.0, 0.0, 116.0, 37.0, 20.0, 93.0, 2.0, 0.0, 0.0, 0.0, 0.0, 397.0, 0.0, 0.0, 0.0, 0.0, 258.0, 0.0, 184.0, 242.0, 15.0, 393.0, 0.0, 85.0, 0.0, 0.0, 109.0, 0.0, 235.0, 0.0, 11.0], [41.0, 42.0, 19.0, 152.0, 0.0, 29.0, 60.0, 35.0, 148.0, 176.0, 41.0, 40.0, 20.0, 467.0, 234.0, 288.0, 161.0, 113.0, 164.0, 78.0, 76.0, 258.0, 509.0, 76.0, 16.0, 0.0, 0.0, 0.0, 0.0, 801.0, 0.0, 0.0, 0.0, 0.0, 517.0, 0.0, 504.0, 168.0, 349.0, 1190.0, 0.0, 911.0, 0.0, 0.0, 503.0, 0.0, 801.0, 0.0, 369.0], [60.0, 43.0, 58.0, 656.0, 62.0, 0.0, 26.0, 21.0, 223.0, 175.0, 216.0, 33.0, 27.0, 1131.0, 79.0, 1485.0, 403.0, 76.0, 706.0, 154.0, 144.0, 75.0, 801.0, 456.0, 19.0, 0.0, 0.0, 0.0, 0.0, 467.0, 0.0, 0.0, 0.0, 0.0, 882.0, 0.0, 960.0, 1033.0, 587.0, 1071.0, 0.0, 512.0, 0.0, 0.0, 899.0, 0.0, 662.0, 0.0, 87.0], [0.0, 0.0, 0.0, 0.0, 0.0, 0.0, 0.0, 0.0, 0.0, 0.0, 0.0, 0.0, 0.0, 0.0, 0.0, 0.0, 0.0, 0.0, 0.0, 0.0, 0.0, 0.0, 0.0, 0.0, 0.0, 0.0, 0.0, 0.0, 0.0, 0.0, 0.0, 0.0, 0.0, 0.0, 0.0, 0.0, 0.0, 0.0, 0.0, 0.0, 0.0, 0.0, 0.0, 0.0, 0.0, 0.0, 0.0, 0.0, 0.0], [52.0, 47.0, 419.0, 136.0, 84.0, 48.0, 31.0, 0.0, 108.0, 124.0, 119.0, 77.0, 48.0, 3351.0, 96.0, 907.0, 279.0, 358.0, 133.0, 48.0, 385.0, 83.0, 343.0, 194.0, 326.0, 0.0, 0.0, 0.0, 0.0, 715.0, 0.0, 0.0, 0.0, 0.0, 370.0, 0.0, 1185.0, 467.0, 286.0, 2362.0, 0.0, 485.0, 0.0, 0.0, 1086.0, 0.0, 773.0, 0.0, 281.0], [13.0, 8.0, 2.0, 139.0, 2.0, 0.0, 13.0, 18.0, 0.0, 3.0, 32.0, 2.0, 3.0, 153.0, 16.0, 29.0, 76.0, 0.0, 73.0, 2.0, 50.0, 33.0, 6.0, 9.0, 0.0, 0.0, 0.0, 0.0, 0.0, 14.0, 0.0, 0.0, 0.0, 0.0, 255.0, 0.0, 35.0, 35.0, 33.0, 108.0, 0.0, 60.0, 0.0, 0.0, 83.0, 0.0, 293.0, 0.0, 0.0], [91.0, 88.0, 142.0, 162.0, 55.0, 46.0, 134.0, 128.0, 228.0, 0.0, 81.0, 94.0, 55.0, 951.0, 481.0, 569.0, 238.0, 101.0, 203.0, 224.0, 179.0, 180.0, 582.0, 547.0, 68.0, 0.0, 0.0, 0.0, 0.0, 446.0, 0.0, 0.0, 0.0, 0.0, 738.0, 0.0, 646.0, 189.0, 661.0, 1552.0, 0.0, 887.0, 0.0, 0.0, 451.0, 0.0, 2524.0, 0.0, 129.0], [8.0, 17.0, 55.0, 432.0, 19.0, 90.0, 35.0, 67.0, 95.0, 3.0, 0.0, 15.0, 23.0, 949.0, 37.0, 814.0, 166.0, 33.0, 421.0, 14.0, 343.0, 21.0, 60.0, 992.0, 29.0, 0.0, 0.0, 0.0, 0.0, 233.0, 0.0, 0.0, 0.0, 0.0, 1007.0, 0.0, 600.0, 1187.0, 146.0, 1554.0, 0.0, 472.0, 0.0, 0.0, 397.0, 0.0, 208.0, 0.0, 7.0], [0.0, 1.0, 0.0, 7.0, 0.0, 1.0, 0.0, 0.0, 7.0, 0.0, 0.0, 0.0, 0.0, 7.0, 1.0, 1.0, 12.0, 3.0, 0.0, 0.0, 0.0, 5.0, 1.0, 15.0, 1.0, 0.0, 0.0, 0.0, 0.0, 0.0, 0.0, 0.0, 0.0, 0.0, 2.0, 0.0, 3.0, 2.0, 3.0, 27.0, 0.0, 1.0, 0.0, 0.0, 33.0, 0.0, 0.0, 0.0, 14.0], [27.0, 8.0, 12.0, 34.0, 26.0, 6.0, 25.0, 12.0, 33.0, 60.0, 19.0, 60.0, 0.0, 216.0, 11.0, 195.0, 54.0, 33.0, 41.0, 37.0, 61.0, 42.0, 93.0, 46.0, 5.0, 0.0, 0.0, 0.0, 0.0, 115.0, 0.0, 0.0, 0.0, 0.0, 124.0, 0.0, 320.0, 65.0, 168.0, 130.0, 0.0, 140.0, 0.0, 0.0, 225.0, 0.0, 111.0, 0.0, 173.0], [23.0, 4.0, 6.0, 28.0, 0.0, 0.0, 8.0, 1.0, 357.0, 0.0, 15.0, 34.0, 0.0, 0.0, 3.0, 3.0, 12.0, 4.0, 0.0, 1.0, 6.0, 7.0, 6.0, 22.0, 11.0, 0.0, 0.0, 0.0, 0.0, 0.0, 0.0, 0.0, 0.0, 0.0, 76.0, 0.0, 10.0, 1.0, 9.0, 43.0, 0.0, 7.0, 0.0, 0.0, 230.0, 0.0, 11.0, 0.0, 0.0], [2.0, 30.0, 0.0, 38.0, 7.0, 16.0, 21.0, 4.0, 74.0, 127.0, 0.0, 14.0, 6.0, 94.0, 0.0, 8.0, 36.0, 14.0, 52.0, 21.0, 14.0, 41.0, 56.0, 105.0, 0.0, 0.0, 0.0, 0.0, 0.0, 2.0, 0.0, 0.0, 0.0, 0.0, 17.0, 0.0, 123.0, 28.0, 77.0, 298.0, 0.0, 43.0, 0.0, 0.0, 38.0, 0.0, 123.0, 0.0, 42.0], [23.0, 14.0, 49.0, 34.0, 18.0, 28.0, 5.0, 78.0, 61.0, 7.0, 37.0, 37.0, 12.0, 339.0, 13.0, 0.0, 118.0, 42.0, 123.0, 9.0, 76.0, 209.0, 116.0, 113.0, 24.0, 0.0, 0.0, 0.0, 0.0, 89.0, 0.0, 0.0, 0.0, 0.0, 104.0, 0.0, 187.0, 279.0, 373.0, 1289.0, 0.0, 363.0, 0.0, 0.0, 251.0, 0.0, 214.0, 0.0, 108.0], [0.0, 1.0, 0.0, 17.0, 1.0, 0.0, 1.0, 0.0, 3.0, 0.0, 0.0, 0.0, 0.0, 38.0, 0.0, 1.0, 0.0, 0.0, 2.0, 1.0, 6.0, 4.0, 2.0, 0.0, 0.0, 0.0, 0.0, 0.0, 0.0, 0.0, 0.0, 0.0, 0.0, 0.0, 10.0, 0.0, 14.0, 11.0, 4.0, 36.0, 0.0, 3.0, 0.0, 0.0, 58.0, 0.0, 2.0, 0.0, 0.0], [5.0, 3.0, 0.0, 1.0, 11.0, 2.0, 1.0, 7.0, 40.0, 2.0, 0.0, 21.0, 3.0, 211.0, 0.0, 43.0, 14.0, 0.0, 14.0, 2.0, 49.0, 83.0, 104.0, 33.0, 0.0, 0.0, 0.0, 0.0, 0.0, 136.0, 0.0, 0.0, 0.0, 0.0, 81.0, 0.0, 198.0, 13.0, 62.0, 238.0, 0.0, 46.0, 0.0, 0.0, 140.0, 0.0, 98.0, 0.0, 46.0], [9.0, 18.0, 1.0, 51.0, 34.0, 17.0, 9.0, 14.0, 72.0, 15.0, 13.0, 4.0, 15.0, 142.0, 173.0, 53.0, 36.0, 54.0, 0.0, 4.0, 36.0, 15.0, 135.0, 49.0, 0.0, 0.0, 0.0, 0.0, 0.0, 109.0, 0.0, 0.0, 0.0, 0.0, 139.0, 0.0, 308.0, 88.0, 55.0, 246.0, 0.0, 159.0, 0.0, 0.0, 52.0, 0.0, 326.0, 0.0, 60.0], [1.0, 71.0, 19.0, 8.0, 13.0, 2.0, 11.0, 1.0, 11.0, 62.0, 0.0, 42.0, 11.0, 48.0, 54.0, 83.0, 28.0, 1.0, 17.0, 0.0, 30.0, 48.0, 32.0, 68.0, 24.0, 0.0, 0.0, 0.0, 0.0, 35.0, 0.0, 0.0, 0.0, 0.0, 186.0, 0.0, 488.0, 4.0, 45.0, 146.0, 0.0, 88.0, 0.0, 0.0, 52.0, 0.0, 99.0, 0.0, 33.0], [25.0, 16.0, 345.0, 324.0, 15.0, 15.0, 59.0, 81.0, 18.0, 36.0, 309.0, 32.0, 46.0, 565.0, 10.0, 480.0, 213.0, 34.0, 67.0, 21.0, 0.0, 31.0, 85.0, 120.0, 95.0, 0.0, 0.0, 0.0, 0.0, 498.0, 0.0, 0.0, 0.0, 0.0, 250.0, 0.0, 257.0, 420.0, 128.0, 1877.0, 0.0, 323.0, 0.0, 0.0, 403.0, 0.0, 217.0, 0.0, 59.0], [0.0, 0.0, 0.0, 0.0, 0.0, 0.0, 0.0, 0.0, 0.0, 0.0, 0.0, 0.0, 0.0, 0.0, 0.0, 0.0, 0.0, 0.0, 0.0, 0.0, 0.0, 0.0, 0.0, 0.0, 0.0, 0.0, 0.0, 0.0, 0.0, 0.0, 0.0, 0.0, 0.0, 0.0, 0.0, 0.0, 0.0, 0.0, 0.0, 0.0, 0.0, 0.0, 0.0, 0.0, 0.0, 0.0, 0.0, 0.0, 0.0], [176.0, 44.0, 96.0, 264.0, 126.0, 255.0, 65.0, 90.0, 207.0, 508.0, 79.0, 56.0, 40.0, 887.0, 345.0, 676.0, 247.0, 289.0, 209.0, 224.0, 143.0, 251.0, 0.0, 191.0, 30.0, 0.0, 0.0, 0.0, 0.0, 531.0, 0.0, 0.0, 0.0, 0.0, 906.0, 0.0, 760.0, 452.0, 769.0, 1804.0, 0.0, 1567.0, 0.0, 0.0, 1112.0, 0.0, 1212.0, 0.0, 296.0], [0.0, 2.0, 0.0, 0.0, 0.0, 0.0, 6.0, 6.0, 7.0, 0.0, 0.0, 2.0, 0.0, 3.0, 9.0, 7.0, 5.0, 5.0, 0.0, 1.0, 2.0, 1.0, 0.0, 0.0, 0.0, 0.0, 0.0, 0.0, 0.0, 4.0, 0.0, 0.0, 0.0, 0.0, 