{"TRCO": 0.4685948710263567, "ARCO": 0.47840537011012857, "err_matrix": [[0.0, 256.0, 1536.0, 646.0, 1526.0, 2644.0, 341.0, 6302.0, 404.0, 1163.0, 774.0, 1296.0, 1406.0], [139.0, 0.0, 39.0, 63.0, 128.0, 161.0, 175.0, 387.0, 415.0, 182.0, 25.0, 114.0, 57.0], [2693.0, 575.0, 0.0, 1039.0, 1212.0, 1248.0, 1849.0, 4287.0, 691.0, 8036.0, 1303.0, 1493.0, 1949.0], [241.0, 149.0, 125.0, 0.0, 210.0, 149.0, 105.0, 535.0, 366.0, 111.0, 947.0, 113.0, 219.0], [565.0, 411.0, 656.0, 513.0, 0.0, 377.0, 778.0, 819.0, 462.0, 1779.0, 135.0, 981.0, 660.0], [4423.0, 307.0, 1855.0, 1169.0, 1294.0, 0.0, 686.0, 2862.0, 492.0, 2067.0, 1004.0, 409.0, 1142.0], [45.0, 209.0, 111.0, 162.0, 134.0, 57.0, 0.0, 163.0, 59.0, 916.0, 14.0, 254.0, 81.0], [3160.0, 295.0, 5784.0, 1009.0, 1034.0, 1596.0, 946.0, 0.0, 459.0, 1360.0, 2373.0, 2157.0, 1202.0], [271.0, 362.0, 88.0, 573.0, 71.0, 83.0, 56.0, 150.0, 0.0, 111.0, 185.0, 40.0, 58.0], [2187.0, 651.0, 3053.0, 1208.0, 4558.0, 1104.0, 2195.0, 4483.0, 879.0, 0.0, 877.0, 1406.0, 1651.0], [576.0, 570.0, 1671.0, 206.0, 87.0, 2241.0, 246.0, 851.0, 295.0, 412.0, 0.0, 170.0, 392.0], [145.0, 168.0, 232.0, 80.0, 224.0, 104.0, 1392.0, 316.0, 99.0, 652.0, 111.0, 0.0, 78.0], [1012.0, 115.0, 527.0, 359.0, 233.0, 207.0, 186.0, 1277.0, 141.0, 481.0, 238.0, 196.0, 0.0]]}