{"ARCO": 0.4926718284177321, "err_matrix": [[0.0, 50.0, 826.0, 278.0, 743.0, 371.0, 144.0, 1693.0, 185.0, 618.0, 544.0, 370.0, 605.0], [129.0, 0.0, 44.0, 59.0, 125.0, 10.0, 294.0, 339.0, 263.0, 177.0, 30.0, 116.0, 63.0], [1262.0, 64.0, 0.0, 510.0, 752.0, 370.0, 601.0, 2194.0, 353.0, 2801.0, 941.0, 811.0, 1209.0], [236.0, 119.0, 129.0, 0.0, 193.0, 135.0, 132.0, 525.0, 368.0, 93.0, 953.0, 94.0, 242.0], [223.0, 110.0, 140.0, 289.0, 0.0, 136.0, 445.0, 242.0, 192.0, 688.0, 59.0, 535.0, 286.0], [1259.0, 132.0, 1076.0, 1087.0, 811.0, 0.0, 483.0, 714.0, 445.0, 1420.0, 728.0, 170.0, 653.0], [38.0, 38.0, 39.0, 165.0, 116.0, 39.0, 0.0, 44.0, 17.0, 214.0, 17.0, 257.0, 76.0], [723.0, 102.0, 4269.0, 753.0, 481.0, 557.0, 438.0, 0.0, 401.0, 754.0, 1616.0, 1628.0, 735.0], [236.0, 319.0, 94.0, 612.0, 61.0, 85.0, 78.0, 115.0, 0.0, 82.0, 199.0, 32.0, 72.0], [1249.0, 164.0, 1759.0, 749.0, 2544.0, 440.0, 1579.0, 2818.0, 674.0, 0.0, 639.0, 1028.0, 1275.0], [522.0, 363.0, 1519.0, 284.0, 90.0, 1998.0, 353.0, 642.0, 331.0, 264.0, 0.0, 149.0, 405.0], [111.0, 38.0, 180.0, 78.0, 155.0, 25.0, 219.0, 55.0, 27.0, 125.0, 95.0, 0.0, 71.0], [168.0, 29.0, 126.0, 323.0, 164.0, 64.0, 56.0, 686.0, 139.0, 214.0, 147.0, 104.0, 0.0]], "TRCO": 0.48234295415959255}