{"err_matrix": [[0.0, 22.0, 838.0, 150.0, 708.0, 258.0, 41.0, 1685.0, 47.0, 503.0, 450.0, 339.0, 886.0], [80.0, 0.0, 28.0, 20.0, 133.0, 0.0, 145.0, 293.0, 236.0, 135.0, 2.0, 152.0, 121.0], [1278.0, 21.0, 0.0, 200.0, 646.0, 268.0, 334.0, 1858.0, 91.0, 2456.0, 417.0, 874.0, 1713.0], [205.0, 132.0, 105.0, 0.0, 149.0, 130.0, 78.0, 513.0, 377.0, 48.0, 848.0, 57.0, 274.0], [144.0, 8.0, 111.0, 77.0, 0.0, 26.0, 483.0, 158.0, 130.0, 558.0, 13.0, 472.0, 168.0], [1143.0, 16.0, 1018.0, 881.0, 716.0, 0.0, 254.0, 629.0, 296.0, 1509.0, 368.0, 178.0, 920.0], [19.0, 23.0, 23.0, 163.0, 80.0, 22.0, 0.0, 34.0, 9.0, 242.0, 0.0, 279.0, 78.0], [652.0, 14.0, 4457.0, 375.0, 405.0, 520.0, 222.0, 0.0, 166.0, 812.0, 1424.0, 1870.0, 1134.0], [156.0, 336.0, 90.0, 531.0, 11.0, 29.0, 42.0, 66.0, 0.0, 21.0, 156.0, 8.0, 78.0], [1151.0, 85.0, 1508.0, 212.0, 2680.0, 200.0, 1300.0, 2653.0, 230.0, 0.0, 214.0, 1014.0, 1689.0], [524.0, 247.0, 1662.0, 124.0, 45.0, 2264.0, 184.0, 576.0, 272.0, 142.0, 0.0, 80.0, 311.0], [108.0, 21.0, 186.0, 15.0, 187.0, 18.0, 170.0, 0.0, 7.0, 133.0, 43.0, 0.0, 65.0], [109.0, 15.0, 56.0, 145.0, 75.0, 19.0, 4.0, 574.0, 91.0, 122.0, 36.0, 13.0, 0.0]], "ARCO": 0.5580698109220281, "TRCO": 0.5467164685908319}