{"relax": {"ARCO": 0.49655130417310456, "err_matrix": [[0.0, 130.0, 1590.0, 210.0, 1240.0, 726.0, 104.0, 1088.0, 115.0, 981.0, 450.0, 404.0, 1585.0], [64.0, 0.0, 28.0, 11.0, 78.0, 0.0, 198.0, 280.0, 250.0, 129.0, 5.0, 124.0, 45.0], [1576.0, 32.0, 0.0, 200.0, 785.0, 595.0, 367.0, 2812.0, 156.0, 3225.0, 457.0, 834.0, 950.0], [203.0, 0.0, 78.0, 0.0, 171.0, 163.0, 45.0, 626.0, 62.0, 4.0, 714.0, 33.0, 176.0], [887.0, 10.0, 229.0, 84.0, 0.0, 170.0, 575.0, 535.0, 205.0, 1618.0, 72.0, 666.0, 431.0], [1449.0, 82.0, 1487.0, 483.0, 1752.0, 0.0, 337.0, 1218.0, 272.0, 1651.0, 355.0, 194.0, 515.0], [14.0, 11.0, 25.0, 57.0, 126.0, 17.0, 0.0, 41.0, 9.0, 253.0, 0.0, 263.0, 3.0], [1752.0, 19.0, 4405.0, 210.0, 700.0, 601.0, 228.0, 0.0, 234.0, 1611.0, 1417.0, 2015.0, 967.0], [40.0, 10.0, 41.0, 175.0, 12.0, 8.0, 41.0, 38.0, 0.0, 21.0, 109.0, 5.0, 39.0], [1833.0, 342.0, 1521.0, 259.0, 3145.0, 966.0, 1297.0, 3237.0, 299.0, 0.0, 210.0, 1154.0, 1384.0], [655.0, 180.0, 1755.0, 36.0, 6.0, 1803.0, 49.0, 695.0, 246.0, 199.0, 0.0, 19.0, 280.0], [106.0, 5.0, 145.0, 0.0, 210.0, 17.0, 146.0, 9.0, 7.0, 97.0, 63.0, 0.0, 95.0], [65.0, 0.0, 61.0, 30.0, 38.0, 5.0, 22.0, 15.0, 11.0, 209.0, 66.0, 75.0, 0.0]], "TRCO": 0.4888941336899798}, "strict": {"ARCO": 0.3011106584390409, "err_matrix": [[0.0, 6.0, 278.0, 187.0, 895.0, 559.0, 4.0, 318.0, 37.0, 158.0, 297.0, 154.0, 1443.0, 2867.0, 9.0, 867.0, 0.0, 142.0, 99.0, 99.0, 709.0, 36.0, 528.0, 141.0, 55.0, 0.0, 0.0, 0.0, 0.0, 158.0, 0.0, 0.0, 0.0, 0.0, 82.0, 0.0, 0.0, 191.0, 51.0, 246.0, 0.0, 45.0, 0.0, 0.0, 0.0, 0.0, 105.0, 0.0, 195.0], [0.0, 0.0, 0.0, 0.0, 0.0, 0.0, 0.0, 0.0, 0.0, 0.0, 0.0, 0.0, 0.0, 0.0, 0.0, 0.0, 0.0, 0.0, 0.0, 0.0, 0.0, 0.0, 0.0, 0.0, 0.0, 0.0, 0.0, 0.0, 0.0, 0.0, 0.0, 0.0, 0.0, 0.0, 0.0, 0.0, 0.0, 0.0, 0.0, 0.0, 0.0, 0.0, 0.0, 0.0, 0.0, 0.0, 0.0, 0.0, 0.0], [876.0, 0.0, 0.0, 170.0, 396.0, 100.0, 37.0, 588.0, 93.0, 690.0, 275.0, 127.0, 832.0, 278.0, 22.0, 5189.0, 23.0, 44.0, 21.0, 292.0, 322.0, 8.0, 93.0, 29.0, 344.0, 0.0, 0.0, 0.0, 0.0, 77.0, 0.0, 0.0, 0.0, 0.0, 49.0, 0.0, 0.0, 15.0, 0.0, 419.0, 0.0, 69.0, 0.0, 0.0, 365.0, 0.0, 1141.0, 0.0, 4.0], [4.0, 0.0, 22.0, 0.0, 125.0, 141.0, 3.0, 31.0, 37.0, 0.0, 423.0, 18.0, 162.0, 128.0, 0.0, 40.0, 0.0, 11.0, 22.0, 38.0, 530.0, 11.0, 2.0, 278.0, 15.0, 0.0, 0.0, 0.0, 0.0, 35.0, 0.0, 0.0, 0.0, 0.0, 0.0, 0.0, 0.0, 0.0, 0.0, 16.0, 0.0, 0.0, 0.0, 0.0, 27.0, 0.0, 2.0, 0.0, 0.0], [416.0, 0.0, 114.0, 83.0, 0.0, 36.0, 386.0, 87.0, 85.0, 341.0, 25.0, 273.0, 391.0, 219.0, 6.0, 30.0, 0.0, 178.0, 11.0, 127.0, 137.0, 93.0, 326.0, 16.0, 47.0, 0.0, 0.0, 0.0, 0.0, 895.0, 0.0, 0.0, 0.0, 0.0, 177.0, 0.0, 12.0, 24.0, 0.0, 12.0, 0.0, 180.0, 0.0, 0.0, 0.0, 0.0, 610.0, 0.0, 217.0], [264.0, 15.0, 217.0, 339.0, 770.0, 0.0, 60.0, 371.0, 170.0, 303.0, 227.0, 106.0, 405.0, 728.0, 27.0, 958.0, 47.0, 44.0, 703.0, 196.0, 354.0, 2.0, 439.0, 115.0, 3.0, 0.0, 0.0, 0.0, 0.0, 59.0, 0.0, 0.0, 0.0, 0.0, 75.0, 0.0, 41.0, 164.0, 15.0, 200.0, 0.0, 308.0, 0.0, 0.0, 23.0, 0.0, 382.0, 0.0, 0.0], [0.0, 0.0, 0.0, 0.0, 0.0, 0.0, 0.0, 0.0, 0.0, 0.0, 0.0, 0.0, 0.0, 0.0, 0.0, 0.0, 0.0, 0.0, 0.0, 0.0, 0.0, 0.0, 0.0, 0.0, 0.0, 0.0, 0.0, 0.0, 0.0, 0.0, 0.0, 0.0, 0.0, 0.0, 0.0, 0.0, 0.0, 0.0, 0.0, 0.0, 0.0, 0.0, 0.0, 0.0, 0.0, 0.0, 0.0, 0.0, 0.0], [704.0, 0.0, 1157.0, 61.0, 287.0, 315.0, 23.0, 0.0, 111.0, 314.0, 136.0, 303.0, 811.0, 312.0, 13.0, 767.0, 0.0, 144.0, 6.0, 143.0, 4151.0, 100.0, 131.0, 7.0, 1068.0, 0.0, 0.0, 0.0, 0.0, 94.0, 0.0, 0.0, 0.0, 0.0, 122.0, 0.0, 0.0, 334.0, 0.0, 185.0, 0.0, 32.0, 0.0, 0.0, 76.0, 0.0, 712.0, 0.0, 415.0], [0.0, 4.0, 7.0, 175.0, 9.0, 8.0, 5.0, 25.0, 0.0, 8.0, 95.0, 5.0, 39.0, 40.0, 6.0, 34.0, 0.0, 0.0, 0.0, 36.0, 13.0, 39.0, 6.0, 14.0, 0.0, 0.0, 0.0, 0.0, 0.0, 3.0, 0.0, 0.0, 0.0, 0.0, 0.0, 0.0, 0.0, 0.0, 0.0, 0.0, 0.0, 0.0, 0.0, 0.0, 0.0, 0.0, 7.0, 0.0, 0.0], [492.0, 6.0, 425.0, 75.0, 481.0, 508.0, 88.0, 358.0, 188.0, 0.0, 95.0, 179.0, 675.0, 311.0, 207.0, 212.0, 0.0, 113.0, 96.0, 289.0, 556.0, 14.0, 812.0, 7.0, 105.0, 0.0, 0.0, 0.0, 0.0, 242.0, 0.0, 0.0, 0.0, 0.0, 1675.0, 0.0, 26.0, 22.0, 53.0, 32.0, 0.0, 471.0, 0.0, 0.0, 8.0, 0.0, 2445.0, 0.0, 31.0], [338.0, 3.0, 9.0, 23.0, 6.0, 1636.0, 0.0, 32.0, 230.0, 75.0, 0.0, 6.0, 194.0, 182.0, 49.0, 1717.0, 13.0, 0.0, 72.0, 23.0, 653.0, 14.0, 11.0, 2355.0, 9.0, 0.0, 0.0, 0.0, 0.0, 0.0, 0.0, 0.0, 0.0, 0.0, 28.0, 0.0, 0.0, 91.0, 0.0, 5.0, 0.0, 0.0, 0.0, 0.0, 5.0, 0.0, 43.0, 0.0, 4.0], [22.0, 0.0, 0.0, 0.0, 12.0, 0.0, 0.0, 0.0, 0.0, 1.0, 0.0, 0.0, 0.0, 0.0, 0.0, 0.0, 0.0, 0.0, 0.0, 0.0, 0.0, 0.0, 0.0, 0.0, 0.0, 0.0, 0.0, 0.0, 0.0, 0.0, 0.0, 0.0, 0.0, 0.0, 0.0, 0.0, 0.0, 0.0, 0.0, 0.0, 0.0, 0.0, 0.0, 0.0, 0.0, 0.0, 0.0, 0.0, 78.0], [39.0, 0.0, 61.0, 30.0, 23.0, 0.0, 0.0, 15.0, 11.0, 56.0, 66.0, 75.0, 0.0, 16.0, 0.0, 0.0, 0.0, 0.0, 5.0, 22.0, 0.0, 0.0, 12.0, 0.0, 0.0, 0.0, 0.0, 0.0, 0.0, 0.0, 0.0, 0.0, 0.0, 0.0, 8.0, 0.0, 0.0, 10.0, 0.0, 0.0, 0.0, 15.0, 0.0, 0.0, 0.0, 0.0, 133.0, 0.0, 0.0], [84.0, 7.0, 1.0, 0.0, 0.0, 0.0, 1.0, 30.0, 42.0, 16.0, 10.0, 0.0, 142.0, 0.0, 8.0, 162.0, 23.0, 0.0, 68.0, 0.0, 31.0, 0.0, 46.0, 2.0, 0.0, 0.0, 0.0, 0.0, 0.0, 0.0, 0.0, 0.0, 0.0, 0.0, 7.0, 0.0, 0.0, 111.0, 49.0, 36.0, 0.0, 0.0, 0.0, 0.0, 0.0, 0.0, 39.0, 0.0, 0.0], [64.0, 6.0, 7.0, 11.0, 47.0, 0.0, 168.0, 176.0, 109.0, 75.0, 5.0, 102.0, 45.0, 0.0, 0.0, 10.0, 0.0, 31.0, 0.0, 30.0, 104.0, 141.0, 7.0, 0.0, 9.0, 0.0, 0.0, 0.0, 0.0, 0.0, 0.0, 0.0, 0.0, 0.0, 32.0, 0.0, 0.0, 0.0, 0.0, 11.0, 0.0, 0.0, 0.0, 0.0, 0.0, 0.0, 15.0, 0.0, 13.0], [126.0, 1.0, 722.0, 5.0, 94.0, 322.0, 22.0, 232.0, 22.0, 155.0, 114.0, 25.0, 66.0, 215.0, 0.0, 0.0, 2.0, 0.0, 81.0, 16.0, 717.0, 25.0, 131.0, 9.0, 307.0, 0.0, 0.0, 0.0, 0.0, 5.0, 0.0, 0.0, 0.0, 0.0, 92.0, 0.0, 0.0, 17.0, 9.0, 38.0, 0.0, 85.0, 0.0, 0.0, 102.0, 0.0, 522.0, 0.0, 0.0], [0.0, 0.0, 0.0, 65.0, 0.0, 0.0, 0.0, 0.0, 14.0, 0.0, 13.0, 0.0, 14.0, 71.0, 0.0, 0.0, 0.0, 0.0, 0.0, 4.0, 38.0, 0.0, 0.0, 0.0, 0.0, 0.0, 0.0, 0.0, 0.0, 0.0, 0.0, 0.0, 0.0, 0.0, 0.0, 0.0, 0.0, 0.0, 0.0, 0.0, 0.0, 0.0, 0.0, 0.0, 0.0, 0.0, 0.0, 0.0, 0.0], [81.0, 4.0, 7.0, 1.0, 215.0, 105.0, 15.0, 90.0, 27.0, 30.0, 31.0, 33.0, 40.0, 138.0, 0.0, 16.0, 0.0, 0.0, 18.0, 47.0, 221.0, 0.0, 49.0, 0.0, 0.0, 0.0, 0.0, 0.0, 0.0, 25.0, 0.0, 0.0, 0.0, 0.0, 0.0, 0.0, 0.0, 9.0, 0.0, 50.0, 0.0, 0.0, 0.0, 0.0, 0.0, 0.0, 85.0, 0.0, 84.0], [150.0, 0.0, 63.0, 97.0, 350.0, 66.0, 25.0, 161.0, 83.0, 116.0, 13.0, 15.0, 110.0, 143.0, 7.0, 9.0, 0.0, 20.0, 0.0, 56.0, 295.0, 17.0, 47.0, 0.0, 1.0, 0.0, 0.0, 0.0, 0.0, 189.0, 0.0, 0.0, 0.0, 0.0, 111.0, 0.0, 9.0, 0.0, 18.0, 40.0, 0.0, 12.0, 0.0, 0.0, 14.0, 0.0, 178.0, 0.0, 19.0], [14.0, 6.0, 25.0, 57.0, 112.0, 17.0, 95.0, 41.0, 9.0, 105.0, 0.0, 153.0, 3.0, 0.0, 5.0, 0.0, 0.0, 0.0, 0.0, 0.0, 0.0, 0.0, 45.0, 0.0, 76.0, 0.0, 0.0, 0.0, 0.0, 2.0, 0.0, 0.0, 0.0, 0.0, 11.0, 0.0, 0.0, 0.0, 0.0, 0.0, 0.0, 12.0, 0.0, 0.0, 0.0, 0.0, 92.0, 0.0, 34.0], [213.0, 6.0, 725.0, 89.0, 84.0, 257.0, 10.0, 275.0, 17.0, 120.0, 1030.0, 159.0, 156.0, 170.0, 0.0, 1324.0, 60.0, 26.0, 23.0, 52.0, 0.0, 6.0, 75.0, 244.0, 60.0, 0.0, 0.0, 0.0, 0.0, 33.0, 0.0, 0.0, 0.0, 0.0, 40.0, 0.0, 0.0, 19.0, 0.0, 247.0, 0.0, 0.0, 0.0, 0.0, 41.0, 0.0, 97.0, 0.0, 10.0], [0.0, 0.0, 0.0, 0.0, 0.0, 0.0, 0.0, 0.0, 0.0, 0.0, 0.0, 0.0, 0.0, 0.0, 0.0, 0.0, 0.0, 0.0, 0.0, 0.0, 0.0, 0.0, 0.0, 0.0, 0.0, 0.0, 0.0, 0.0, 0.0, 0.0, 0.0, 0.0, 0.0, 0.0, 0.0, 0.0, 0.0, 0.0, 0.0, 0.0, 0.0, 0.0, 0.0, 0.0, 0.0, 0.0, 0.0, 0.0, 0.0], [609.0, 1.0, 613.0, 135.0, 764.0, 288.0, 26.0, 526.0, 58.0, 1266.0, 103.0, 147.0, 709.0, 374.0, 22.0, 78.0, 49.0, 270.0, 74.0, 894.0, 1764.0, 39.0, 0.0, 5.0, 538.0, 0.0, 0.0, 0.0, 0.0, 229.0, 0.0, 0.0, 0.0, 0.0, 757.0, 0.0, 18.0, 25.0, 53.0, 161.0, 0.0, 575.0, 0.0, 0.0, 25.0, 0.0, 1812.0, 0.0, 110.0], [6.0, 44.0, 8.0, 0.0, 0.0, 33.0, 0.0, 0.0, 0.0, 27.0, 1.0, 0.0, 80.0, 0.0, 62.0, 0.0, 0.0, 0.0, 0.0, 26.0, 0.0, 0.0, 0.0, 0.0, 0.0, 0.0, 0.0, 0.0, 0.0, 0.0, 0.0, 0.0, 0.0, 0.0, 0.0, 0.0, 0.0, 0.0, 0.0, 16.0, 0.0, 0.0, 0.0, 0.0, 0.0, 0.0, 15.0, 0.0, 0.0], [29.0, 0.0, 145.0, 0.0, 183.0, 9.0, 19.0, 0.0, 7.0, 56.0, 63.0, 411.0, 95.0, 55.0, 5.0, 0.0, 0.0, 5.0, 8.0, 127.0, 9.0, 0.0, 28.0, 0.0, 0.0, 