{"relax": {"ARCO": 0.2988530935205296, "err_matrix": [[0.0, 380.0, 2255.0, 350.0, 1021.0, 867.0, 155.0, 1179.0, 1248.0, 1899.0, 764.0, 323.0, 348.0], [101.0, 0.0, 145.0, 21.0, 48.0, 67.0, 45.0, 54.0, 168.0, 347.0, 15.0, 20.0, 12.0], [1993.0, 990.0, 0.0, 795.0, 1007.0, 631.0, 824.0, 1613.0, 989.0, 2720.0, 350.0, 1399.0, 708.0], [841.0, 25.0, 399.0, 0.0, 349.0, 98.0, 17.0, 411.0, 100.0, 242.0, 323.0, 20.0, 80.0], [786.0, 811.0, 1605.0, 177.0, 0.0, 438.0, 274.0, 417.0, 730.0, 3029.0, 126.0, 620.0, 136.0], [1662.0, 654.0, 2997.0, 1233.0, 783.0, 0.0, 369.0, 973.0, 715.0, 3317.0, 881.0, 459.0, 428.0], [3.0, 396.0, 122.0, 20.0, 22.0, 15.0, 0.0, 195.0, 102.0, 257.0, 55.0, 420.0, 53.0], [4722.0, 274.0, 7379.0, 542.0, 1037.0, 409.0, 171.0, 0.0, 289.0, 1977.0, 1022.0, 1385.0, 478.0], [105.0, 11.0, 57.0, 222.0, 24.0, 154.0, 12.0, 145.0, 0.0, 374.0, 97.0, 16.0, 65.0], [2821.0, 2252.0, 3621.0, 564.0, 1978.0, 1250.0, 1095.0, 1841.0, 1069.0, 0.0, 831.0, 844.0, 687.0], [1386.0, 121.0, 3245.0, 809.0, 119.0, 1148.0, 114.0, 840.0, 283.0, 245.0, 0.0, 104.0, 159.0], [113.0, 176.0, 291.0, 89.0, 15.0, 13.0, 100.0, 345.0, 207.0, 87.0, 149.0, 0.0, 121.0], [374.0, 50.0, 420.0, 73.0, 202.0, 56.0, 33.0, 343.0, 94.0, 484.0, 58.0, 360.0, 0.0]], "TRCO": 0.3005926625232738}, "strict": {"ARCO": 0.16287552305630562, "err_matrix": [[0.0, 85.0, 246.0, 265.0, 144.0, 458.0, 7.0, 443.0, 610.0, 665.0, 472.0, 131.0, 348.0, 2591.0, 204.0, 1164.0, 50.0, 801.0, 395.0, 136.0, 324.0, 61.0, 1005.0, 219.0, 49.0, 0.0, 0.0, 0.0, 0.0, 16.0, 0.0, 0.0, 0.0, 0.0, 136.0, 0.0, 70.0, 73.0, 57.0, 806.0, 0.0, 60.0, 0.0, 0.0, 405.0, 0.0, 69.0, 0.0, 40.0], [0.0, 0.0, 0.0, 0.0, 0.0, 0.0, 0.0, 0.0, 0.0, 0.0, 0.0, 0.0, 0.0, 0.0, 0.0, 0.0, 0.0, 0.0, 0.0, 0.0, 0.0, 0.0, 0.0, 0.0, 0.0, 0.0, 0.0, 0.0, 0.0, 0.0, 0.0, 0.0, 0.0, 0.0, 0.0, 0.0, 0.0, 0.0, 0.0, 0.0, 0.0, 0.0, 0.0, 0.0, 0.0, 0.0, 0.0, 0.0, 0.0], [307.0, 79.0, 0.0, 224.0, 148.0, 169.0, 191.0, 512.0, 343.0, 964.0, 74.0, 183.0, 544.0, 645.0, 195.0, 2451.0, 478.0, 334.0, 13.0, 612.0, 267.0, 165.0, 699.0, 71.0, 730.0, 0.0, 0.0, 0.0, 0.0, 290.0, 0.0, 0.0, 0.0, 0.0, 78.0, 0.0, 126.0, 37.0, 270.0, 3165.0, 0.0, 111.0, 0.0, 0.0, 285.0, 0.0, 218.0, 0.0, 35.0], [65.0, 5.0, 22.0, 0.0, 35.0, 37.0, 6.0, 141.0, 75.0, 12.0, 205.0, 0.0, 54.0, 582.0, 0.0, 232.0, 5.0, 140.0, 59.0, 3.0, 153.0, 21.0, 7.0, 118.0, 1.0, 0.0, 0.0, 0.0, 0.0, 168.0, 0.0, 0.0, 0.0, 0.0, 100.0, 0.0, 9.0, 164.0, 0.0, 135.0, 0.0, 6.0, 0.0, 0.0, 32.0, 0.0, 123.0, 0.0, 10.0], [272.0, 63.0, 113.0, 161.0, 0.0, 312.0, 80.0, 112.0, 182.0, 642.0, 53.0, 264.0, 115.0, 295.0, 395.0, 312.0, 14.0, 265.0, 71.0, 194.0, 151.0, 372.0, 1171.0, 59.0, 56.0, 0.0, 0.0, 0.0, 0.0, 486.0, 0.0, 0.0, 0.0, 0.0, 277.0, 0.0, 43.0, 24.0, 313.0, 797.0, 0.0, 41.0, 0.0, 0.0, 15.0, 0.0, 497.0, 0.0, 211.0], [334.0, 102.0, 181.0, 959.0, 123.0, 0.0, 66.0, 94.0, 544.0, 477.0, 594.0, 34.0, 393.0, 844.0, 74.0, 2335.0, 202.0, 159.0, 1003.0, 296.0, 388.0, 24.0, 1573.0, 249.0, 38.0, 0.0, 0.0, 0.0, 0.0, 70.0, 0.0, 0.0, 0.0, 0.0, 232.0, 0.0, 294.0, 301.0, 257.0, 245.0, 0.0, 20.0, 0.0, 0.0, 185.0, 0.0, 326.0, 0.0, 26.0], [0.0, 0.0, 0.0, 0.0, 0.0, 0.0, 0.0, 0.0, 0.0, 0.0, 0.0, 0.0, 0.0, 0.0, 0.0, 0.0, 0.0, 0.0, 0.0, 0.0, 0.0, 0.0, 0.0, 0.0, 0.0, 0.0, 0.0, 0.0, 0.0, 0.0, 0.0, 0.0, 0.0, 0.0, 0.0, 0.0, 0.0, 0.0, 0.0, 0.0, 0.0, 0.0, 0.0, 0.0, 0.0, 0.0, 0.0, 0.0, 0.0], [249.0, 89.0, 1380.0, 116.0, 187.0, 173.0, 35.0, 0.0, 200.0, 583.0, 286.0, 185.0, 327.0, 3717.0, 65.0, 1254.0, 106.0, 429.0, 85.0, 27.0, 869.0, 31.0, 564.0, 134.0, 737.0, 0.0, 0.0, 0.0, 0.0, 185.0, 0.0, 0.0, 0.0, 0.0, 37.0, 0.0, 111.0, 114.0, 83.0, 1379.0, 0.0, 52.0, 0.0, 0.0, 497.0, 0.0, 288.0, 0.0, 171.0], [19.0, 0.0, 4.0, 222.0, 6.0, 0.0, 5.0, 58.0, 0.0, 38.0, 97.0, 0.0, 65.0, 86.0, 11.0, 28.0, 0.0, 18.0, 154.0, 7.0, 87.0, 16.0, 6.0, 0.0, 4.0, 0.0, 0.0, 0.0, 0.0, 0.0, 0.0, 0.0, 0.0, 0.0, 88.0, 0.0, 12.0, 0.0, 0.0, 25.0, 0.0, 0.0, 0.0, 0.0, 0.0, 0.0, 242.0, 0.0, 0.0], [342.0, 106.0, 579.0, 220.0, 261.0, 208.0, 238.0, 496.0, 510.0, 0.0, 170.0, 208.0, 367.0, 629.0, 623.0, 556.0, 61.0, 155.0, 195.0, 405.0, 289.0, 194.0, 1182.0, 360.0, 144.0, 0.0, 0.0, 0.0, 0.0, 112.0, 0.0, 0.0, 0.0, 0.0, 436.0, 0.0, 60.0, 28.0, 542.0, 728.0, 0.0, 68.0, 0.0, 0.0, 45.0, 0.0, 1619.0, 0.0, 19.0], [197.0, 6.0, 253.0, 800.0, 21.0, 336.0, 65.0, 220.0, 145.0, 14.0, 0.0, 23.0, 152.0, 811.0, 54.0, 1969.0, 7.0, 37.0, 743.0, 16.0, 482.0, 35.0, 97.0, 1001.0, 46.0, 0.0, 0.0, 0.0, 0.0, 12.0, 0.0, 0.0, 0.0, 0.0, 105.0, 0.0, 5.0, 340.0, 55.0, 785.0, 0.0, 49.0, 0.0, 0.0, 124.0, 0.0, 11.0, 0.0, 0.0], [3.0, 0.0, 0.0, 10.0, 0.0, 10.0, 0.0, 8.0, 16.0, 1.0, 0.0, 0.0, 17.0, 0.0, 0.0, 0.0, 0.0, 0.0, 0.0, 0.0, 1.0, 13.0, 0.0, 6.0, 0.0, 0.0, 0.0, 0.0, 0.0, 0.0, 0.0, 0.0, 0.0, 0.0, 0.0, 0.0, 0.0, 0.0, 0.0, 24.0, 0.0, 0.0, 0.0, 0.0, 29.0, 0.0, 0.0, 0.0, 7.0], [201.0, 0.0, 30.0, 49.0, 43.0, 24.0, 27.0, 57.0, 28.0, 252.0, 21.0, 156.0, 0.0, 156.0, 0.0, 359.0, 24.0, 55.0, 32.0, 6.0, 133.0, 66.0, 140.0, 37.0, 12.0, 0.0, 0.0, 0.0, 0.0, 82.0, 0.0, 0.0, 0.0, 0.0, 83.0, 0.0, 43.0, 17.0, 50.0, 31.0, 0.0, 22.0, 0.0, 0.0, 153.0, 0.0, 9.0, 0.0, 149.0], [30.0, 15.0, 11.0, 35.0, 0.0, 0.0, 10.0, 7.0, 577.0, 3.0, 32.0, 14.0, 0.0, 0.0, 0.0, 0.0, 0.0, 0.0, 14.0, 2.0, 0.0, 0.0, 21.0, 41.0, 19.0, 0.0, 0.0, 0.0, 0.0, 0.0, 0.0, 0.0, 0.0, 0.0, 0.0, 0.0, 0.0, 0.0, 19.0, 28.0, 0.0, 0.0, 0.0, 0.0, 0.0, 0.0, 0.0, 0.0, 0.0], [18.0, 87.0, 16.0, 0.0, 9.0, 20.0, 35.0, 31.0, 59.0, 282.0, 1.0, 12.0, 12.0, 62.0, 0.0, 0.0, 21.0, 39.0, 47.0, 10.0, 23.0, 109.0, 29.0, 14.0, 1.0, 0.0, 0.0, 0.0, 0.0, 0.0, 0.0, 0.0, 0.0, 0.0, 4.0, 0.0, 7.0, 21.0, 83.0, 129.0, 0.0, 0.0, 0.0, 0.0, 0.0, 0.0, 32.0, 0.0, 0.0], [110.0, 0.0, 196.0, 28.0, 33.0, 176.0, 10.0, 366.0, 122.0, 50.0, 73.0, 101.0, 129.0, 249.0, 8.0, 0.0, 54.0, 33.0, 236.0, 8.0, 78.0, 351.0, 389.0, 131.0, 75.0, 0.0, 0.0, 0.0, 0.0, 0.0, 0.0, 0.0, 0.0, 0.0, 34.0, 0.0, 87.0, 114.0, 290.0, 1000.0, 0.0, 37.0, 0.0, 0.0, 59.0, 0.0, 97.0, 0.0, 59.0], [0.0, 15.0, 0.0, 34.0, 0.0, 0.0, 1.0, 9.0, 4.0, 0.0, 0.0, 0.0, 26.0, 30.0, 0.0, 0.0, 0.0, 0.0, 2.0, 7.0, 3.0, 0.0, 0.0, 0.0, 0.0, 0.0, 0.0, 0.0, 0.0, 0.0, 0.0, 0.0, 0.0, 0.0, 0.0, 0.0, 0.0, 0.0, 5.0, 10.0, 0.0, 0.0, 0.0, 0.0, 73.0, 0.0, 0.0, 0.0, 0.0], [21.0, 0.0, 3.0, 2.0, 62.0, 49.0, 0.0, 35.0, 75.0, 15.0, 14.0, 26.0, 21.0, 174.0, 0.0, 164.0, 0.0, 0.0, 6.0, 0.0, 84.0, 101.0, 323.0, 0.0, 0.0, 0.0, 0.0, 0.0, 0.0, 36.0, 0.0, 0.0, 0.0, 0.0, 74.0, 0.0, 0.0, 0.0, 40.0, 216.0, 0.0, 0.0, 0.0, 0.0, 20.0, 0.0, 30.0, 0.0, 20.0], [13.0, 17.0, 14.0, 68.0, 86.0, 87.0, 7.0, 87.0, 134.0, 134.0, 38.0, 1.0, 35.0, 97.0, 179.0, 104.0, 4.0, 235.0, 0.0, 0.0, 200.0, 13.0, 265.0, 0.0, 2.0, 0.0, 0.0, 0.0, 0.0, 90.0, 0.0, 0.0, 0.0, 0.0, 50.0, 0.0, 44.0, 73.0, 25.0, 118.0, 0.0, 0.0, 0.0, 0.0, 19.0, 0.0, 260.0, 0.0, 20.0], [3.0, 263.0, 5.0, 13.0, 18.0, 15.0, 35.0, 0.0, 12.0, 93.0, 7.0, 142.0, 53.0, 0.0, 133.0, 80.0, 7.0, 0.0, 0.0, 0.0, 183.0, 90.0, 91.0, 48.0, 77.0, 0.0, 0.0, 0.0, 0.0, 0.0, 0.0, 0.0, 0.0, 0.0, 53.0, 0.0, 195.0, 0.0, 0.0, 37.0, 0.0, 4.0, 0.0, 0.0, 12.0, 0.0, 20.0, 0.0, 6.0], [156.0, 19.0, 1383.0, 264.0, 47.0, 52.0, 82.0, 376.0, 39.0, 107.0, 590.0, 26.0, 151.0, 356.0, 13.0, 440.0, 56.0, 36.0, 99.0, 27.0, 0.0, 19.0, 335.0, 12.0, 79.0, 0.0, 0.0, 0.0, 0.0, 93.0, 0.0, 0.0, 0.0, 0.0, 62.0, 0.0, 43.0, 130.0, 5.0, 1543.0, 0.0, 8.0, 0.0, 0.0, 73.0, 0.0, 1.0, 0.0, 33.0], [0.0, 0.0, 0.0, 0.0, 0.0, 0.0, 0.0, 0.0, 0.0, 0.0, 0.0, 0.0, 0.0, 0.0, 0.0, 0.0, 0.0, 0.0, 0.0, 0.0, 0.0, 0.0, 0.0, 0.0, 0.0, 0.0, 0.0, 0.0, 0.0, 0.0, 0.0, 0.0, 0.0, 0.0, 0.0, 0.0, 0.0, 0.0, 0.0, 0.0, 0.0, 0.0, 0.0, 0.0, 0.0, 0.0, 0.0, 0.0, 0.0], [840.0, 47.0, 324.0, 246.0, 370.0, 604.0, 113.0, 399.0, 153.0, 1557.0, 163.0, 97.0, 320.0, 909.0, 490.0, 607.0, 37.0, 686.0, 243.0, 339.0, 338.0, 212.0, 0.0, 138.0, 111.0, 0.0, 0.0, 0.0, 0.0, 149.0, 0.0, 0.0, 0.0, 0.0, 525.0, 0.0, 94.0, 73.0, 444.0, 827.0, 0.0, 177.0, 0.0, 0.0, 274.0, 0.0, 516.0, 0.0, 111.0], [1.0, 0.0, 15.0, 0.0, 0.0, 0.0, 18.0, 12.0, 10.0, 5.0, 1.0, 0.0, 7.0, 0.0, 6.0, 12.0, 0.0, 0.0, 0.0, 0.0, 2.0, 0.0, 0.0, 0.0, 1.0, 0.0, 0.0, 0.0, 0.0, 0.0, 0.0, 0.0, 0.0, 0.0, 10.0, 0.0, 29.0, 