{"relax": {"ARCO": 0.5173724044831434, "err_matrix": [[0.0, 6.0, 884.0, 91.0, 655.0, 340.0, 60.0, 670.0, 25.0, 560.0, 141.0, 214.0, 449.0], [20.0, 0.0, 25.0, 3.0, 27.0, 0.0, 118.0, 126.0, 88.0, 70.0, 0.0, 68.0, 50.0], [769.0, 22.0, 0.0, 74.0, 242.0, 253.0, 152.0, 1226.0, 50.0, 1329.0, 169.0, 323.0, 798.0], [91.0, 0.0, 48.0, 0.0, 70.0, 74.0, 18.0, 300.0, 29.0, 2.0, 360.0, 15.0, 54.0], [435.0, 40.0, 147.0, 23.0, 0.0, 77.0, 256.0, 253.0, 45.0, 826.0, 34.0, 271.0, 174.0], [656.0, 15.0, 720.0, 274.0, 853.0, 0.0, 146.0, 604.0, 110.0, 888.0, 130.0, 50.0, 370.0], [7.0, 7.0, 10.0, 22.0, 57.0, 0.0, 0.0, 20.0, 0.0, 116.0, 0.0, 141.0, 45.0], [732.0, 5.0, 2262.0, 43.0, 362.0, 252.0, 98.0, 0.0, 49.0, 781.0, 658.0, 1052.0, 510.0], [20.0, 4.0, 11.0, 87.0, 4.0, 13.0, 18.0, 7.0, 0.0, 18.0, 57.0, 2.0, 2.0], [807.0, 146.0, 766.0, 95.0, 1283.0, 460.0, 584.0, 1626.0, 124.0, 0.0, 95.0, 518.0, 778.0], [300.0, 115.0, 896.0, 10.0, 4.0, 993.0, 6.0, 353.0, 94.0, 115.0, 0.0, 5.0, 122.0], [46.0, 38.0, 80.0, 2.0, 96.0, 8.0, 61.0, 1.0, 4.0, 69.0, 19.0, 0.0, 22.0], [76.0, 2.0, 23.0, 62.0, 35.0, 10.0, 22.0, 276.0, 22.0, 131.0, 0.0, 9.0, 0.0]], "TRCO": 0.5091583736511558}, "strict": {"ARCO": 0.33160404399858917, "err_matrix": [[0.0, 0.0, 248.0, 91.0, 497.0, 304.0, 4.0, 218.0, 22.0, 86.0, 100.0, 54.0, 434.0, 1095.0, 0.0, 338.0, 0.0, 88.0, 36.0, 56.0, 450.0, 3.0, 272.0, 37.0, 61.0, 0.0, 0.0, 0.0, 0.0, 60.0, 0.0, 0.0, 0.0, 0.0, 19.0, 0.0, 0.0, 377.0, 0.0, 166.0, 0.0, 10.0, 0.0, 0.0, 0.0, 0.0, 52.0, 0.0, 93.0], [0.0, 0.0, 0.0, 0.0, 0.0, 0.0, 0.0, 0.0, 0.0, 0.0, 0.0, 0.0, 0.0, 0.0, 0.0, 0.0, 0.0, 0.0, 0.0, 0.0, 0.0, 0.0, 0.0, 0.0, 0.0, 0.0, 0.0, 0.0, 0.0, 0.0, 0.0, 0.0, 0.0, 0.0, 0.0, 0.0, 0.0, 0.0, 0.0, 0.0, 0.0, 0.0, 0.0, 0.0, 0.0, 0.0, 0.0, 0.0, 0.0], [432.0, 0.0, 0.0, 74.0, 103.0, 18.0, 8.0, 239.0, 32.0, 223.0, 87.0, 29.0, 734.0, 129.0, 18.0, 612.0, 0.0, 40.0, 6.0, 125.0, 183.0, 4.0, 83.0, 0.0, 103.0, 0.0, 0.0, 0.0, 0.0, 22.0, 0.0, 0.0, 0.0, 0.0, 20.0, 0.0, 0.0, 8.0, 0.0, 2316.0, 0.0, 11.0, 0.0, 0.0, 47.0, 0.0, 401.0, 0.0, 2.0], [0.0, 0.0, 9.0, 0.0, 65.0, 65.0, 0.0, 26.0, 21.0, 1.0, 335.0, 8.0, 54.0, 54.0, 0.0, 14.0, 0.0, 5.0, 9.0, 13.0, 254.0, 1.0, 1.0, 19.0, 7.0, 0.0, 0.0, 0.0, 0.0, 0.0, 0.0, 0.0, 0.0, 0.0, 0.0, 0.0, 0.0, 0.0, 0.0, 25.0, 0.0, 0.0, 0.0, 0.0, 0.0, 0.0, 0.0, 0.0, 0.0], [207.0, 0.0, 57.0, 22.0, 0.0, 14.0, 156.0, 41.0, 11.0, 135.0, 27.0, 102.0, 164.0, 60.0, 39.0, 16.0, 0.0, 47.0, 0.0, 71.0, 63.0, 26.0, 219.0, 0.0, 19.0, 0.0, 0.0, 0.0, 0.0, 114.0, 0.0, 0.0, 0.0, 0.0, 38.0, 0.0, 0.0, 51.0, 1.0, 7.0, 0.0, 66.0, 0.0, 0.0, 0.0, 0.0, 345.0, 0.0, 92.0], [124.0, 0.0, 125.0, 169.0, 400.0, 0.0, 30.0, 200.0, 75.0, 85.0, 81.0, 35.0, 327.0, 293.0, 4.0, 505.0, 59.0, 19.0, 489.0, 63.0, 179.0, 1.0, 360.0, 42.0, 0.0, 0.0, 0.0, 0.0, 0.0, 5.0, 0.0, 0.0, 0.0, 0.0, 29.0, 0.0, 0.0, 73.0, 11.0, 34.0, 0.0, 133.0, 0.0, 0.0, 0.0, 0.0, 164.0, 0.0, 0.0], [0.0, 0.0, 0.0, 0.0, 0.0, 0.0, 0.0, 0.0, 0.0, 0.0, 0.0, 0.0, 0.0, 0.0, 0.0, 0.0, 0.0, 0.0, 0.0, 0.0, 0.0, 0.0, 0.0, 0.0, 0.0, 0.0, 0.0, 0.0, 0.0, 0.0, 0.0, 0.0, 0.0, 0.0, 0.0, 0.0, 0.0, 0.0, 0.0, 0.0, 0.0, 0.0, 0.0, 0.0, 0.0, 0.0, 0.0, 0.0, 0.0], [368.0, 0.0, 516.0, 15.0, 171.0, 151.0, 33.0, 0.0, 33.0, 145.0, 48.0, 123.0, 309.0, 144.0, 5.0, 253.0, 0.0, 92.0, 3.0, 40.0, 2189.0, 10.0, 84.0, 0.0, 675.0, 0.0, 0.0, 0.0, 0.0, 23.0, 0.0, 0.0, 0.0, 0.0, 57.0, 0.0, 0.0, 10.0, 0.0, 329.0, 0.0, 0.0, 0.0, 0.0, 0.0, 0.0, 348.0, 0.0, 131.0], [0.0, 2.0, 0.0, 87.0, 4.0, 13.0, 0.0, 4.0, 0.0, 18.0, 49.0, 2.0, 2.0, 20.0, 2.0, 11.0, 0.0, 0.0, 0.0, 18.0, 3.0, 40.0, 0.0, 8.0, 0.0, 0.0, 0.0, 0.0, 0.0, 0.0, 0.0, 0.0, 0.0, 0.0, 0.0, 0.0, 0.0, 0.0, 0.0, 0.0, 0.0, 0.0, 0.0, 0.0, 0.0, 0.0, 0.0, 0.0, 0.0], [235.0, 0.0, 233.0, 19.0, 322.0, 227.0, 42.0, 168.0, 83.0, 0.0, 30.0, 68.0, 359.0, 122.0, 111.0, 90.0, 0.0, 23.0, 75.0, 91.0, 232.0, 7.0, 468.0, 4.0, 51.0, 0.0, 0.0, 0.0, 0.0, 79.0, 0.0, 0.0, 0.0, 0.0, 807.0, 0.0, 0.0, 11.0, 16.0, 43.0, 0.0, 187.0, 0.0, 0.0, 0.0, 0.0, 1151.0, 0.0, 12.0], [169.0, 0.0, 2.0, 10.0, 2.0, 867.0, 0.0, 20.0, 91.0, 52.0, 0.0, 5.0, 119.0, 72.0, 19.0, 844.0, 0.0, 0.0, 62.0, 5.0, 333.0, 2.0, 11.0, 337.0, 0.0, 0.0, 0.0, 0.0, 0.0, 0.0, 0.0, 0.0, 0.0, 0.0, 23.0, 0.0, 0.0, 38.0, 0.0, 7.0, 0.0, 0.0, 0.0, 0.0, 0.0, 0.0, 11.0, 0.0, 0.0], [11.0, 0.0, 0.0, 0.0, 6.0, 0.0, 0.0, 0.0, 0.0, 1.0, 0.0, 0.0, 0.0, 0.0, 0.0, 0.0, 0.0, 0.0, 0.0, 0.0, 0.0, 0.0, 0.0, 0.0, 0.0, 0.0, 0.0, 0.0, 0.0, 0.0, 0.0, 0.0, 0.0, 0.0, 0.0, 0.0, 0.0, 0.0, 0.0, 0.0, 0.0, 0.0, 0.0, 0.0, 0.0, 0.0, 0.0, 0.0, 38.0], [46.0, 0.0, 11.0, 62.0, 35.0, 10.0, 2.0, 72.0, 22.0, 17.0, 0.0, 9.0, 0.0, 8.0, 2.0, 12.0, 0.0, 0.0, 0.0, 20.0, 204.0, 0.0, 11.0, 0.0, 0.0, 0.0, 0.0, 0.0, 0.0, 0.0, 0.0, 0.0, 0.0, 0.0, 44.0, 0.0, 0.0, 22.0, 0.0, 0.0, 0.0, 0.0, 0.0, 0.0, 0.0, 0.0, 59.0, 0.0, 0.0], [88.0, 0.0, 55.0, 0.0, 0.0, 0.0, 0.0, 2.0, 0.0, 3.0, 4.0, 6.0, 15.0, 0.0, 6.0, 65.0, 0.0, 0.0, 0.0, 0.0, 0.0, 0.0, 121.0, 0.0, 0.0, 0.0, 0.0, 0.0, 0.0, 0.0, 0.0, 0.0, 0.0, 0.0, 0.0, 0.0, 0.0, 0.0, 0.0, 12.0, 0.0, 0.0, 0.0, 0.0, 0.0, 0.0, 7.0, 0.0, 0.0], [20.0, 3.0, 3.0, 3.0, 19.0, 0.0, 103.0, 76.0, 24.0, 48.0, 0.0, 25.0, 50.0, 0.0, 0.0, 22.0, 0.0, 8.0, 0.0, 15.0, 50.0, 64.0, 0.0, 0.0, 37.0, 0.0, 0.0, 0.0, 0.0, 0.0, 0.0, 0.0, 0.0, 0.0, 13.0, 0.0, 0.0, 0.0, 0.0, 0.0, 0.0, 0.0, 0.0, 0.0, 0.0, 0.0, 9.0, 0.0, 6.0], [112.0, 0.0, 455.0, 0.0, 27.0, 111.0, 9.0, 130.0, 14.0, 80.0, 67.0, 13.0, 62.0, 28.0, 0.0, 0.0, 0.0, 0.0, 83.0, 10.0, 333.0, 0.0, 76.0, 0.0, 161.0, 0.0, 0.0, 0.0, 0.0, 0.0, 0.0, 0.0, 0.0, 0.0, 26.0, 0.0, 0.0, 39.0, 4.0, 67.0, 0.0, 13.0, 0.0, 0.0, 35.0, 0.0, 238.0, 0.0, 0.0], [0.0, 0.0, 0.0, 35.0, 0.0, 0.0, 5.0, 2.0, 7.0, 0.0, 6.0, 0.0, 0.0, 37.0, 0.0, 0.0, 0.0, 0.0, 0.0, 0.0, 18.0, 0.0, 0.0, 0.0, 0.0, 0.0, 0.0, 0.0, 0.0, 0.0, 0.0, 0.0, 0.0, 0.0, 0.0, 0.0, 0.0, 0.0, 0.0, 0.0, 0.0, 0.0, 0.0, 0.0, 0.0, 0.0, 0.0, 0.0, 0.0], [73.0, 0.0, 0.0, 1.0, 102.0, 42.0, 0.0, 76.0, 8.0, 12.0, 7.0, 8.0, 10.0, 44.0, 0.0, 13.0, 0.0, 0.0, 21.0, 29.0, 73.0, 0.0, 33.0, 0.0, 14.0, 0.0, 0.0, 0.0, 0.0, 8.0, 0.0, 0.0, 0.0, 0.0, 0.0, 0.0, 0.0, 0.0, 0.0, 54.0, 0.0, 0.0, 0.0, 0.0, 0.0, 0.0, 44.0, 0.0, 36.0], [86.0, 0.0, 31.0, 46.0, 248.0, 39.0, 12.0, 68.0, 29.0, 94.0, 3.0, 5.0, 43.0, 62.0, 0.0, 8.0, 0.0, 15.0, 0.0, 41.0, 150.0, 5.0, 17.0, 4.0, 0.0, 0.0, 0.0, 0.0, 0.0, 27.0, 0.0, 0.0, 0.0, 0.0, 50.0, 0.0, 0.0, 18.0, 0.0, 17.0, 0.0, 6.0, 0.0, 0.0, 7.0, 0.0, 89.0, 0.0, 10.0], [7.0, 6.0, 10.0, 22.0, 57.0, 0.0, 27.0, 20.0, 0.0, 41.0, 0.0, 89.0, 45.0, 0.0, 1.0, 0.0, 0.0, 0.0, 0.0, 0.0, 0.0, 0.0, 28.0, 0.0, 52.0, 0.0, 0.0, 0.0, 0.0, 0.0, 0.0, 0.0, 0.0, 0.0, 13.0, 0.0, 0.0, 0.0, 0.0, 0.0, 0.0, 0.0, 0.0, 0.0, 0.0, 0.0, 34.0, 0.0, 0.0], [146.0, 0.0, 319.0, 19.0, 53.0, 94.0, 1.0, 91.0, 2.0, 39.0, 609.0, 40.0, 201.0, 50.0, 0.0, 290.0, 9.0, 23.0, 4.0, 24.0, 0.0, 4.0, 55.0, 1.0, 83.0, 0.0, 0.0, 0.0, 0.0, 0.0, 0.0, 0.0, 0.0, 0.0, 19.0, 0.0, 0.0, 14.0, 0.0, 555.0, 0.0, 0.0, 0.0, 0.0, 0.0, 0.0, 34.0, 0.0, 0.0], [0.0, 0.0, 0.0, 0.0, 0.0, 0.0, 0.0, 0.0, 0.0, 0.0, 0.0, 0.0, 0.0, 0.0, 0.0, 0.0, 0.0, 0.0, 0.0, 0.0, 0.0, 0.0, 0.0, 0.0, 0.0, 0.0, 0.0, 0.0, 0.0, 0.0, 0.0, 0.0, 0.0, 0.0, 0.0, 0.0, 0.0, 0.0, 0.0, 0.0, 0.0, 0.0, 0.0, 0.0, 0.0, 0.0, 0.0, 0.0, 0.0], [310.0, 0.0, 316.0, 49.0, 394.0, 87.0, 17.0, 323.0, 10.0, 658.0, 61.0, 55.0, 419.0, 129.0, 19.0, 30.0, 27.0, 136.0, 71.0, 434.0, 898.0, 24.0, 0.0, 0.0, 295.0, 0.0, 0.0, 0.0, 0.0, 19.0, 0.0, 0.0, 0.0, 0.0, 275.0, 0.0, 0.0, 0.0, 0.0, 54.0, 0.0, 123.0, 0.0, 0.0, 5.0, 0.0, 1040.0, 0.0, 37.0], [3.0, 0.0, 0.0, 0.0, 2.0, 9.0, 0.0, 0.0, 0.0, 10.0, 0.0, 0.0, 1.0, 0.0, 85.0, 41.0, 0.0, 0.0, 0.0, 1.0, 0.0, 0.0, 0.0, 0.0, 0.0, 0.0, 0.0, 0.0, 0.0, 0.0, 0.0, 0.0, 0.0, 0.0, 0.0, 0.0, 0.0, 0.0, 0.0, 0.0, 0.0, 0.0, 0.0, 0.0, 0.0, 0.0, 7.0, 0.0, 0.0], [7.0, 0.0, 65.0, 0.0, 90.0, 4.0, 19.0, 1.0, 4.0, 49.0, 19.0, 225.0, 22.0, 28.0, 38.0, 15.0, 2.0, 0.0, 4.0, 42.0, 0.0, 0.0, 9.0, 0.0, 0.0, 0.0, 0.0, 0.0, 0.0, 0.0, 0.0, 0.0, 0.0, 0.0, 6.0, 0.0, 0.0, 0.0, 0.0, 0.0, 0.0, 0.0, 0.0, 0.0, 0.0, 0.0, 4.0, 0.0, 0.0], [0.0, 0.0, 0.0, 0.0, 0.0, 0.0, 0.0, 0.0, 0.0, 0.0, 0.0, 0.0, 0.0, 0.0, 0.0, 0.0, 0.0, 0.0, 0.0, 0.0, 0.0, 0.0, 0.0, 0.0, 0.0, 