{"relax": {"err_matrix": [[0.0, 82.0, 1723.0, 217.0, 1342.0, 752.0, 90.0, 1280.0, 102.0, 1115.0, 330.0, 398.0, 1038.0], [63.0, 0.0, 24.0, 21.0, 80.0, 0.0, 193.0, 244.0, 197.0, 139.0, 3.0, 126.0, 108.0], [1377.0, 66.0, 0.0, 152.0, 620.0, 576.0, 331.0, 2549.0, 167.0, 2840.0, 379.0, 789.0, 1860.0], [197.0, 0.0, 111.0, 0.0, 152.0, 157.0, 51.0, 580.0, 49.0, 10.0, 720.0, 43.0, 143.0], [866.0, 114.0, 294.0, 75.0, 0.0, 160.0, 593.0, 514.0, 130.0, 1509.0, 71.0, 666.0, 404.0], [1362.0, 58.0, 1449.0, 514.0, 1898.0, 0.0, 289.0, 1184.0, 271.0, 1481.0, 305.0, 203.0, 894.0], [19.0, 41.0, 26.0, 54.0, 109.0, 6.0, 0.0, 33.0, 7.0, 240.0, 0.0, 281.0, 55.0], [1429.0, 29.0, 4342.0, 137.0, 674.0, 655.0, 187.0, 0.0, 207.0, 1500.0, 1318.0, 2055.0, 1222.0], [39.0, 8.0, 46.0, 182.0, 12.0, 9.0, 43.0, 35.0, 0.0, 34.0, 135.0, 4.0, 26.0], [1711.0, 339.0, 1587.0, 263.0, 3304.0, 902.0, 1201.0, 3197.0, 281.0, 0.0, 213.0, 1059.0, 1947.0], [646.0, 251.0, 1783.0, 23.0, 12.0, 2052.0, 10.0, 718.0, 218.0, 225.0, 0.0, 56.0, 338.0], [96.0, 83.0, 161.0, 5.0, 202.0, 22.0, 101.0, 8.0, 7.0, 132.0, 38.0, 0.0, 45.0], [157.0, 3.0, 23.0, 120.0, 76.0, 24.0, 44.0, 546.0, 25.0, 326.0, 0.0, 35.0, 0.0]], "TRCO": 0.48401646867542547, "ARCO": 0.4920651726369953}, "strict": {"err_matrix": [[0.0, 0.0, 457.0, 177.0, 903.0, 641.0, 5.0, 383.0, 56.0, 115.0, 270.0, 109.0, 1013.0, 2491.0, 0.0, 612.0, 0.0, 147.0, 111.0, 83.0, 878.0, 22.0, 595.0, 51.0, 83.0, 0.0, 0.0, 0.0, 0.0, 237.0, 0.0, 0.0, 0.0, 0.0, 75.0, 0.0, 0.0, 637.0, 30.0, 401.0, 0.0, 55.0, 0.0, 0.0, 17.0, 0.0, 144.0, 0.0, 197.0], [0.0, 0.0, 0.0, 0.0, 0.0, 0.0, 0.0, 0.0, 0.0, 0.0, 0.0, 0.0, 0.0, 0.0, 0.0, 0.0, 0.0, 0.0, 0.0, 0.0, 0.0, 0.0, 0.0, 0.0, 0.0, 0.0, 0.0, 0.0, 0.0, 0.0, 0.0, 0.0, 0.0, 0.0, 0.0, 0.0, 0.0, 0.0, 0.0, 0.0, 0.0, 0.0, 0.0, 0.0, 0.0, 0.0, 0.0, 0.0, 0.0], [590.0, 0.0, 0.0, 148.0, 294.0, 49.0, 1.0, 454.0, 96.0, 463.0, 223.0, 85.0, 1681.0, 397.0, 49.0, 1023.0, 0.0, 30.0, 29.0, 295.0, 394.0, 10.0, 103.0, 6.0, 293.0, 0.0, 0.0, 0.0, 0.0, 61.0, 0.0, 0.0, 0.0, 0.0, 81.0, 0.0, 0.0, 29.0, 0.0, 5179.0, 0.0, 83.0, 0.0, 0.0, 173.0, 0.0, 1045.0, 0.0, 4.0], [4.0, 0.0, 29.0, 0.0, 105.0, 143.0, 3.0, 27.0, 18.0, 6.0, 661.0, 27.0, 143.0, 120.0, 0.0, 29.0, 0.0, 10.0, 14.0, 38.0, 513.0, 17.0, 2.0, 47.0, 16.0, 0.0, 0.0, 0.0, 0.0, 37.0, 0.0, 0.0, 0.0, 0.0, 0.0, 0.0, 0.0, 0.0, 0.0, 53.0, 0.0, 0.0, 0.0, 0.0, 0.0, 0.0, 2.0, 0.0, 0.0], [374.0, 0.0, 132.0, 66.0, 0.0, 24.0, 415.0, 70.0, 21.0, 280.0, 34.0, 225.0, 369.0, 157.0, 114.0, 32.0, 0.0, 178.0, 3.0, 117.0, 141.0, 83.0, 327.0, 8.0, 72.0, 0.0, 0.0, 0.0, 0.0, 770.0, 0.0, 0.0, 0.0, 0.0, 154.0, 0.0, 23.0, 106.0, 0.0, 0.0, 0.0, 219.0, 0.0, 0.0, 0.0, 0.0, 575.0, 0.0, 207.0], [219.0, 0.0, 229.0, 327.0, 785.0, 0.0, 74.0, 284.0, 175.0, 222.0, 155.0, 90.0, 746.0, 676.0, 1.0, 919.0, 98.0, 37.0, 1232.0, 140.0, 424.0, 9.0, 429.0, 135.0, 11.0, 0.0, 0.0, 0.0, 0.0, 51.0, 0.0, 0.0, 0.0, 0.0, 63.0, 0.0, 59.0, 157.0, 33.0, 197.0, 0.0, 403.0, 0.0, 0.0, 24.0, 0.0, 359.0, 0.0, 0.0], [0.0, 0.0, 0.0, 0.0, 0.0, 0.0, 0.0, 0.0, 0.0, 0.0, 0.0, 0.0, 0.0, 0.0, 0.0, 0.0, 0.0, 0.0, 0.0, 0.0, 0.0, 0.0, 0.0, 0.0, 0.0, 0.0, 0.0, 0.0, 0.0, 0.0, 0.0, 0.0, 0.0, 0.0, 0.0, 0.0, 0.0, 0.0, 0.0, 0.0, 0.0, 0.0, 0.0, 0.0, 0.0, 0.0, 0.0, 0.0, 0.0], [690.0, 0.0, 876.0, 36.0, 257.0, 343.0, 26.0, 0.0, 98.0, 240.0, 118.0, 191.0, 792.0, 319.0, 0.0, 390.0, 7.0, 148.0, 18.0, 104.0, 4702.0, 83.0, 148.0, 4.0, 1167.0, 0.0, 0.0, 0.0, 0.0, 91.0, 0.0, 0.0, 0.0, 0.0, 110.0, 0.0, 0.0, 63.0, 0.0, 835.0, 0.0, 41.0, 0.0, 0.0, 82.0, 0.0, 708.0, 0.0, 417.0], [0.0, 3.0, 12.0, 182.0, 9.0, 8.0, 6.0, 17.0, 0.0, 18.0, 113.0, 4.0, 26.0, 39.0, 5.0, 34.0, 0.0, 0.0, 1.0, 37.0, 18.0, 247.0, 10.0, 22.0, 0.0, 0.0, 0.0, 0.0, 0.0, 3.0, 0.0, 0.0, 0.0, 0.0, 0.0, 0.0, 0.0, 0.0, 0.0, 0.0, 0.0, 0.0, 0.0, 0.0, 0.0, 0.0, 6.0, 0.0, 0.0], [448.0, 0.0, 470.0, 69.0, 479.0, 364.0, 105.0, 317.0, 172.0, 0.0, 79.0, 181.0, 853.0, 300.0, 239.0, 180.0, 18.0, 71.0, 189.0, 219.0, 525.0, 20.0, 826.0, 13.0, 71.0, 0.0, 0.0, 0.0, 0.0, 250.0, 0.0, 0.0, 0.0, 0.0, 1711.0, 0.0, 28.0, 24.0, 40.0, 112.0, 0.0, 594.0, 0.0, 0.0, 17.0, 0.0, 2434.0, 0.0, 31.0], [293.0, 0.0, 26.0, 21.0, 11.0, 1737.0, 0.0, 23.0, 174.0, 85.0, 0.0, 20.0, 328.0, 193.0, 58.0, 1633.0, 2.0, 0.0, 191.0, 7.0, 695.0, 42.0, 26.0, 689.0, 26.0, 0.0, 0.0, 0.0, 0.0, 0.0, 0.0, 0.0, 0.0, 0.0, 35.0, 0.0, 0.0, 100.0, 0.0, 52.0, 0.0, 0.0, 0.0, 0.0, 0.0, 0.0, 40.0, 0.0, 4.0], [12.0, 0.0, 0.0, 0.0, 12.0, 0.0, 0.0, 0.0, 0.0, 1.0, 0.0, 0.0, 0.0, 0.0, 10.0, 0.0, 0.0, 0.0, 0.0, 0.0, 0.0, 0.0, 0.0, 0.0, 0.0, 0.0, 0.0, 0.0, 0.0, 0.0, 0.0, 0.0, 0.0, 0.0, 0.0, 0.0, 0.0, 0.0, 0.0, 0.0, 0.0, 0.0, 0.0, 0.0, 0.0, 0.0, 0.0, 0.0, 78.0], [79.0, 0.0, 0.0, 120.0, 61.0, 19.0, 5.0, 71.0, 25.0, 70.0, 0.0, 35.0, 0.0, 35.0, 3.0, 23.0, 0.0, 0.0, 5.0, 39.0, 467.0, 0.0, 73.0, 0.0, 0.0, 0.0, 0.0, 0.0, 0.0, 0.0, 0.0, 0.0, 0.0, 0.0, 41.0, 0.0, 0.0, 43.0, 0.0, 0.0, 0.0, 15.0, 0.0, 0.0, 8.0, 0.0, 142.0, 0.0, 0.0], [150.0, 0.0, 67.0, 0.0, 0.0, 0.0, 2.0, 2.0, 24.0, 10.0, 8.0, 9.0, 25.0, 0.0, 14.0, 186.0, 40.0, 0.0, 0.0, 0.0, 0.0, 0.0, 106.0, 1.0, 0.0, 0.0, 0.0, 0.0, 0.0, 0.0, 0.0, 0.0, 0.0, 0.0, 28.0, 0.0, 0.0, 10.0, 38.0, 0.0, 0.0, 0.0, 0.0, 0.0, 0.0, 0.0, 42.0, 0.0, 0.0], [63.0, 33.0, 14.0, 21.0, 52.0, 0.0, 136.0, 121.0, 49.0, 78.0, 3.0, 103.0, 108.0, 0.0, 0.0, 10.0, 0.0, 28.0, 0.0, 57.0, 123.0, 148.0, 7.0, 0.0, 9.0, 0.0, 0.0, 0.0, 0.0, 0.0, 0.0, 0.0, 0.0, 0.0, 36.0, 0.0, 0.0, 0.0, 0.0, 0.0, 0.0, 0.0, 0.0, 0.0, 0.0, 0.0, 18.0, 0.0, 14.0], [110.0, 0.0, 794.0, 4.0, 26.0, 247.0, 25.0, 247.0, 35.0, 136.0, 124.0, 28.0, 171.0, 130.0, 8.0, 0.0, 0.0, 0.0, 180.0, 10.0, 713.0, 14.0, 129.0, 0.0, 354.0, 0.0, 0.0, 0.0, 0.0, 0.0, 0.0, 0.0, 0.0, 0.0, 51.0, 0.0, 0.0, 79.0, 9.0, 437.0, 0.0, 85.0, 0.0, 0.0, 103.0, 0.0, 466.0, 0.0, 0.0], [0.0, 0.0, 0.0, 70.0, 0.0, 0.0, 10.0, 4.0, 14.0, 0.0, 12.0, 0.0, 0.0, 73.0, 0.0, 0.0, 0.0, 0.0, 0.0, 0.0, 36.0, 0.0, 0.0, 0.0, 0.0, 0.0, 0.0, 0.0, 0.0, 0.0, 0.0, 0.0, 0.0, 0.0, 0.0, 0.0, 0.0, 0.0, 0.0, 0.0, 0.0, 0.0, 0.0, 0.0, 0.0, 0.0, 0.0, 0.0, 0.0], [87.0, 0.0, 0.0, 9.0, 191.0, 93.0, 13.0, 96.0, 25.0, 28.0, 29.0, 5.0, 35.0, 122.0, 0.0, 14.0, 0.0, 0.0, 40.0, 48.0, 207.0, 1.0, 60.0, 0.0, 28.0, 0.0, 0.0, 0.0, 0.0, 25.0, 0.0, 0.0, 0.0, 0.0, 0.0, 0.0, 13.0, 20.0, 0.0, 116.0, 0.0, 0.0, 0.0, 0.0, 0.0, 0.0, 85.0, 0.0, 93.0], [131.0, 0.0, 51.0, 89.0, 381.0, 86.0, 19.0, 137.0, 69.0, 75.0, 5.0, 12.0, 148.0, 141.0, 8.0, 18.0, 0.0, 32.0, 0.0, 56.0, 302.0, 18.0, 80.0, 10.0, 1.0, 0.0, 0.0, 0.0, 0.0, 179.0, 0.0, 0.0, 0.0, 0.0, 78.0, 0.0, 11.0, 38.0, 16.0, 35.0, 0.0, 30.0, 0.0, 0.0, 13.0, 0.0, 175.0, 0.0, 19.0], [19.0, 31.0, 26.0, 54.0, 95.0, 6.0, 69.0, 17.0, 7.0, 90.0, 0.0, 147.0, 55.0, 0.0, 10.0, 0.0, 0.0, 0.0, 0.0, 0.0, 16.0, 0.0, 47.0, 0.0, 107.0, 0.0, 0.0, 0.0, 0.0, 2.0, 0.0, 0.0, 0.0, 0.0, 11.0, 0.0, 0.0, 0.0, 0.0, 0.0, 0.0, 12.0, 0.0, 0.0, 0.0, 0.0, 92.0, 0.0, 27.0], [161.0, 0.0, 721.0, 76.0, 58.0, 277.0, 15.0, 173.0, 18.0, 58.0, 1165.0, 129.0, 430.0, 161.0, 22.0, 294.0, 18.0, 63.0, 17.0, 42.0, 0.0, 8.0, 91.0, 31.0, 147.0, 0.0, 0.0, 0.0, 0.0, 16.0, 0.0, 0.0, 0.0, 0.0, 38.0, 0.0, 0.0, 35.0, 7.0, 1226.0, 0.0, 0.0, 0.0, 0.0, 37.0, 0.0, 107.0, 0.0, 4.0], [0.0, 0.0, 0.0, 0.0, 0.0, 0.0, 0.0, 0.0, 0.0, 0.0, 0.0, 0.0, 0.0, 0.0, 0.0, 0.0, 0.0, 0.0, 0.0, 0.0, 0.0, 0.0, 0.0, 0.0, 0.0, 0.0, 0.0, 0.0, 0.0, 0.0, 0.0, 0.0, 0.0, 0.0, 0.0, 0.0, 0.0, 0.0, 0.0, 0.0, 0.0, 0.0, 0.0, 0.0, 0.0, 0.0, 0.0, 0.0, 0.0], [601.0, 1.0, 623.0, 131.0, 781.0, 229.0, 24.0, 442.0, 46.0, 1087.0, 116.0, 123.0, 1094.0, 318.0, 24.0, 70.0, 45.0, 312.0, 120.0, 853.0, 1870.0, 43.0, 0.0, 5.0, 513.0, 0.0, 0.0, 0.0, 0.0, 161.0, 0.0, 0.0, 0.0, 0.0, 671.0, 0.0, 0.0, 20.0, 35.0, 132.0, 0.0, 656.0, 0.0, 0.0, 26.0, 0.0, 1837.0, 0.0, 112.0], [6.0, 0.0, 0.0, 0.0, 1.0, 32.0, 0.0, 0.0, 0.0, 19.0, 1.0, 0.0, 3.0, 0.0, 171.0, 67.0, 0.0, 0.0, 0.0, 3.0, 0.0, 0.0, 0.0, 0.0, 0.0, 0.0, 0.0, 0.0, 0.0, 0.0, 0.0, 0.0, 0.0, 0.0, 0.0, 0.0, 0.0, 0.0, 0.0, 0.0, 0.0, 0.0, 0.0, 0.0, 0.0, 0.0, 15.0, 0.0, 0.0], [29.0, 0.0, 126.0, 0.0, 190.0, 13.0, 17.0, 0.0, 7.0, 84.0, 38.0, 333.0, 45.0, 55.0, 73.0, 35.0, 5.0, 0.0, 9.0, 84.0, 8.0, 0.0, 27.0, 0.0, 0.0, 