{"err_matrix": [[0.0, 13.0, 536.0, 283.0, 553.0, 1621.0, 15.0, 1916.0, 523.0, 931.0, 308.0, 78.0, 499.0], [39.0, 0.0, 0.0, 0.0, 24.0, 8.0, 76.0, 49.0, 0.0, 126.0, 32.0, 74.0, 0.0], [1057.0, 84.0, 0.0, 202.0, 768.0, 884.0, 489.0, 1751.0, 299.0, 2381.0, 251.0, 1149.0, 641.0], [118.0, 60.0, 16.0, 0.0, 26.0, 103.0, 18.0, 437.0, 310.0, 7.0, 97.0, 43.0, 111.0], [306.0, 117.0, 371.0, 104.0, 0.0, 79.0, 226.0, 423.0, 216.0, 882.0, 43.0, 344.0, 118.0], [2494.0, 38.0, 742.0, 784.0, 358.0, 0.0, 10.0, 1395.0, 287.0, 858.0, 527.0, 25.0, 341.0], [15.0, 94.0, 196.0, 64.0, 24.0, 0.0, 0.0, 0.0, 40.0, 1016.0, 0.0, 159.0, 9.0], [1909.0, 41.0, 3705.0, 513.0, 416.0, 979.0, 74.0, 0.0, 108.0, 729.0, 1368.0, 626.0, 468.0], [18.0, 149.0, 8.0, 283.0, 8.0, 38.0, 16.0, 0.0, 0.0, 0.0, 167.0, 0.0, 6.0], [2766.0, 231.0, 1637.0, 316.0, 1824.0, 833.0, 255.0, 1473.0, 179.0, 0.0, 39.0, 651.0, 927.0], [75.0, 66.0, 547.0, 166.0, 0.0, 255.0, 29.0, 448.0, 107.0, 123.0, 0.0, 10.0, 80.0], [28.0, 47.0, 526.0, 11.0, 97.0, 28.0, 5.0, 43.0, 76.0, 591.0, 31.0, 0.0, 26.0], [367.0, 136.0, 43.0, 58.0, 129.0, 114.0, 4.0, 22.0, 63.0, 158.0, 22.0, 0.0, 0.0]], "TRCO": 0.557908302800069, "ARCO": 0.5648786419337255}