{"err_matrix": [[0.0, 0.0, 27.0, 6.0, 14.0, 33.0, 0.0, 70.0, 14.0, 45.0, 26.0, 0.0, 11.0], [0.0, 0.0, 2.0, 2.0, 3.0, 3.0, 9.0, 4.0, 0.0, 7.0, 4.0, 0.0, 0.0], [19.0, 0.0, 0.0, 4.0, 23.0, 24.0, 7.0, 90.0, 8.0, 126.0, 17.0, 16.0, 11.0], [1.0, 3.0, 0.0, 0.0, 0.0, 5.0, 0.0, 5.0, 29.0, 0.0, 27.0, 0.0, 0.0], [9.0, 0.0, 21.0, 2.0, 0.0, 3.0, 1.0, 19.0, 0.0, 64.0, 1.0, 2.0, 11.0], [104.0, 0.0, 25.0, 23.0, 12.0, 0.0, 0.0, 52.0, 11.0, 18.0, 71.0, 0.0, 13.0], [0.0, 1.0, 9.0, 3.0, 1.0, 0.0, 0.0, 0.0, 1.0, 46.0, 0.0, 6.0, 0.0], [96.0, 0.0, 142.0, 8.0, 9.0, 28.0, 0.0, 0.0, 3.0, 26.0, 61.0, 3.0, 4.0], [0.0, 1.0, 2.0, 5.0, 3.0, 2.0, 1.0, 0.0, 0.0, 0.0, 18.0, 0.0, 0.0], [78.0, 2.0, 98.0, 3.0, 61.0, 24.0, 1.0, 71.0, 4.0, 0.0, 3.0, 8.0, 17.0], [1.0, 2.0, 8.0, 10.0, 0.0, 4.0, 0.0, 12.0, 2.0, 0.0, 0.0, 0.0, 1.0], [1.0, 0.0, 13.0, 3.0, 10.0, 0.0, 0.0, 0.0, 1.0, 36.0, 0.0, 0.0, 0.0], [12.0, 0.0, 7.0, 6.0, 4.0, 2.0, 0.0, 1.0, 1.0, 13.0, 0.0, 0.0, 0.0]], "TRCO": 0.4842105263157895, "ARCO": 0.4884594269200353}