{"ARCO": 0.6333132813216802, "err_matrix": [[0.0, 2.0, 45.0, 2.0, 22.0, 128.0, 0.0, 187.0, 0.0, 31.0, 12.0, 13.0, 25.0], [4.0, 0.0, 0.0, 0.0, 0.0, 2.0, 6.0, 7.0, 13.0, 4.0, 0.0, 0.0, 1.0], [42.0, 1.0, 0.0, 2.0, 25.0, 31.0, 15.0, 116.0, 1.0, 198.0, 13.0, 31.0, 45.0], [5.0, 3.0, 4.0, 0.0, 6.0, 6.0, 0.0, 21.0, 21.0, 0.0, 11.0, 1.0, 1.0], [6.0, 0.0, 14.0, 0.0, 0.0, 5.0, 9.0, 17.0, 1.0, 71.0, 0.0, 14.0, 7.0], [136.0, 3.0, 61.0, 21.0, 31.0, 0.0, 2.0, 85.0, 4.0, 49.0, 34.0, 5.0, 14.0], [0.0, 3.0, 1.0, 5.0, 1.0, 0.0, 0.0, 2.0, 0.0, 32.0, 0.0, 8.0, 3.0], [125.0, 1.0, 166.0, 8.0, 20.0, 60.0, 2.0, 0.0, 0.0, 19.0, 50.0, 51.0, 24.0], [0.0, 6.0, 1.0, 25.0, 0.0, 1.0, 0.0, 0.0, 0.0, 1.0, 9.0, 0.0, 0.0], [52.0, 5.0, 118.0, 6.0, 88.0, 21.0, 31.0, 130.0, 1.0, 0.0, 2.0, 31.0, 34.0], [6.0, 8.0, 23.0, 3.0, 0.0, 32.0, 0.0, 29.0, 2.0, 5.0, 0.0, 0.0, 6.0], [1.0, 0.0, 5.0, 0.0, 8.0, 2.0, 37.0, 4.0, 0.0, 16.0, 0.0, 0.0, 5.0], [33.0, 2.0, 29.0, 5.0, 2.0, 2.0, 3.0, 28.0, 0.0, 12.0, 7.0, 3.0, 0.0]], "TRCO": 0.6225308272476955}