{"err_matrix": [[0.0, 4.0, 239.0, 90.0, 194.0, 853.0, 6.0, 1021.0, 244.0, 470.0, 122.0, 38.0, 166.0], [19.0, 0.0, 0.0, 0.0, 8.0, 5.0, 27.0, 47.0, 9.0, 46.0, 25.0, 20.0, 0.0], [478.0, 25.0, 0.0, 85.0, 263.0, 523.0, 147.0, 903.0, 124.0, 1090.0, 95.0, 576.0, 247.0], [34.0, 41.0, 2.0, 0.0, 8.0, 37.0, 3.0, 285.0, 154.0, 4.0, 49.0, 22.0, 24.0], [139.0, 16.0, 185.0, 35.0, 0.0, 16.0, 52.0, 226.0, 113.0, 488.0, 17.0, 136.0, 44.0], [1165.0, 12.0, 303.0, 331.0, 146.0, 0.0, 0.0, 713.0, 169.0, 467.0, 353.0, 13.0, 98.0], [7.0, 34.0, 140.0, 29.0, 14.0, 0.0, 0.0, 0.0, 28.0, 458.0, 0.0, 71.0, 0.0], [981.0, 2.0, 1938.0, 239.0, 175.0, 417.0, 12.0, 0.0, 30.0, 310.0, 709.0, 237.0, 132.0], [0.0, 47.0, 2.0, 104.0, 0.0, 12.0, 7.0, 2.0, 0.0, 0.0, 91.0, 0.0, 3.0], [1321.0, 39.0, 866.0, 110.0, 878.0, 429.0, 100.0, 713.0, 86.0, 0.0, 10.0, 227.0, 371.0], [45.0, 38.0, 197.0, 43.0, 0.0, 108.0, 0.0, 169.0, 49.0, 60.0, 0.0, 0.0, 25.0], [5.0, 17.0, 289.0, 5.0, 49.0, 9.0, 3.0, 15.0, 55.0, 272.0, 10.0, 0.0, 0.0], [203.0, 59.0, 30.0, 47.0, 35.0, 75.0, 11.0, 22.0, 12.0, 83.0, 1.0, 0.0, 0.0]], "TRCO": 0.5874702189190404, "ARCO": 0.5949730690917638}