{"err_matrix": [[0.0, 2.0, 158.0, 28.0, 150.0, 406.0, 2.0, 698.0, 2.0, 98.0, 61.0, 123.0, 135.0], [6.0, 0.0, 0.0, 1.0, 4.0, 18.0, 8.0, 27.0, 33.0, 18.0, 0.0, 13.0, 4.0], [306.0, 2.0, 0.0, 26.0, 78.0, 101.0, 112.0, 440.0, 12.0, 908.0, 56.0, 136.0, 103.0], [19.0, 13.0, 10.0, 0.0, 21.0, 18.0, 2.0, 73.0, 31.0, 2.0, 38.0, 6.0, 6.0], [35.0, 4.0, 59.0, 4.0, 0.0, 11.0, 61.0, 56.0, 10.0, 226.0, 2.0, 63.0, 28.0], [568.0, 2.0, 188.0, 92.0, 116.0, 0.0, 35.0, 325.0, 27.0, 188.0, 47.0, 30.0, 82.0], [2.0, 10.0, 1.0, 23.0, 4.0, 0.0, 0.0, 4.0, 0.0, 130.0, 0.0, 16.0, 2.0], [414.0, 0.0, 680.0, 54.0, 81.0, 229.0, 18.0, 0.0, 1.0, 114.0, 260.0, 301.0, 76.0], [9.0, 40.0, 6.0, 27.0, 1.0, 3.0, 6.0, 4.0, 0.0, 5.0, 22.0, 0.0, 0.0], [215.0, 27.0, 382.0, 15.0, 420.0, 30.0, 167.0, 536.0, 14.0, 0.0, 7.0, 123.0, 56.0], [27.0, 22.0, 204.0, 0.0, 2.0, 218.0, 20.0, 91.0, 22.0, 15.0, 0.0, 0.0, 24.0], [11.0, 12.0, 19.0, 1.0, 29.0, 7.0, 148.0, 27.0, 0.0, 83.0, 5.0, 0.0, 0.0], [122.0, 0.0, 61.0, 26.0, 10.0, 0.0, 14.0, 144.0, 0.0, 32.0, 0.0, 0.0, 0.0]], "ARCO": 0.6320254881140058, "TRCO": 0.6193443998322047}