{"TRCO": 0.5118505942275042, "ARCO": 0.5139875994392089, "err_matrix": [[0.0, 44.0, 754.0, 324.0, 735.0, 730.0, 128.0, 880.0, 987.0, 942.0, 480.0, 55.0, 527.0], [42.0, 0.0, 0.0, 19.0, 30.0, 3.0, 444.0, 178.0, 44.0, 82.0, 9.0, 104.0, 0.0], [669.0, 106.0, 0.0, 209.0, 411.0, 1228.0, 547.0, 1716.0, 505.0, 1833.0, 467.0, 1903.0, 913.0], [216.0, 138.0, 32.0, 0.0, 256.0, 230.0, 43.0, 1122.0, 594.0, 37.0, 352.0, 106.0, 341.0], [412.0, 253.0, 297.0, 156.0, 0.0, 74.0, 229.0, 300.0, 208.0, 1300.0, 84.0, 399.0, 288.0], [862.0, 166.0, 1266.0, 1043.0, 200.0, 0.0, 173.0, 369.0, 242.0, 1034.0, 1289.0, 555.0, 897.0], [17.0, 40.0, 543.0, 114.0, 53.0, 19.0, 0.0, 0.0, 99.0, 165.0, 0.0, 418.0, 28.0], [1186.0, 25.0, 7079.0, 759.0, 659.0, 505.0, 205.0, 0.0, 105.0, 472.0, 1336.0, 1101.0, 724.0], [118.0, 284.0, 44.0, 589.0, 19.0, 42.0, 65.0, 30.0, 0.0, 0.0, 392.0, 0.0, 57.0], [3270.0, 475.0, 1495.0, 304.0, 1261.0, 2204.0, 1222.0, 822.0, 397.0, 0.0, 61.0, 780.0, 2090.0], [363.0, 93.0, 1033.0, 389.0, 96.0, 868.0, 56.0, 842.0, 486.0, 167.0, 0.0, 20.0, 77.0], [24.0, 23.0, 304.0, 1.0, 34.0, 0.0, 36.0, 106.0, 103.0, 138.0, 92.0, 0.0, 0.0], [0.0, 198.0, 19.0, 119.0, 142.0, 237.0, 47.0, 7.0, 77.0, 399.0, 0.0, 0.0, 0.0]]}