{"ARCO": 0.516425738630903, "TRCO": 0.5048246690357593, "err_matrix": [[0.0, 230.0, 3014.0, 973.0, 2907.0, 5516.0, 439.0, 12225.0, 501.0, 2052.0, 1159.0, 2557.0, 4056.0], [210.0, 0.0, 40.0, 61.0, 301.0, 263.0, 290.0, 719.0, 865.0, 259.0, 25.0, 271.0, 192.0], [5287.0, 852.0, 0.0, 1231.0, 2156.0, 2120.0, 3232.0, 7410.0, 1053.0, 15941.0, 1458.0, 3159.0, 5648.0], [422.0, 303.0, 220.0, 0.0, 334.0, 272.0, 172.0, 1010.0, 683.0, 165.0, 1797.0, 185.0, 505.0], [747.0, 543.0, 1230.0, 530.0, 0.0, 469.0, 1583.0, 1316.0, 773.0, 3133.0, 146.0, 1831.0, 1608.0], [8674.0, 399.0, 3587.0, 2041.0, 2215.0, 0.0, 856.0, 5652.0, 793.0, 4024.0, 1148.0, 674.0, 3390.0], [51.0, 324.0, 54.0, 365.0, 241.0, 85.0, 0.0, 215.0, 129.0, 1938.0, 0.0, 481.0, 177.0], [5856.0, 377.0, 11866.0, 1388.0, 1846.0, 3382.0, 1187.0, 0.0, 590.0, 2597.0, 4381.0, 4723.0, 3620.0], [411.0, 674.0, 143.0, 1014.0, 92.0, 85.0, 125.0, 192.0, 0.0, 128.0, 366.0, 54.0, 103.0], [3803.0, 1006.0, 5478.0, 1427.0, 9625.0, 1343.0, 4020.0, 8497.0, 1133.0, 0.0, 796.0, 2722.0, 4611.0], [1104.0, 1128.0, 3400.0, 254.0, 70.0, 4685.0, 314.0, 1587.0, 510.0, 575.0, 0.0, 193.0, 893.0], [275.0, 304.0, 418.0, 72.0, 381.0, 160.0, 2718.0, 468.0, 164.0, 1333.0, 127.0, 0.0, 117.0], [1760.0, 124.0, 792.0, 404.0, 230.0, 203.0, 250.0, 2316.0, 112.0, 705.0, 232.0, 133.0, 0.0]]}