{"err_matrix": [[0.0, 2.0, 174.0, 22.0, 89.0, 446.0, 3.0, 496.0, 114.0, 230.0, 72.0, 7.0, 55.0], [5.0, 0.0, 0.0, 0.0, 8.0, 1.0, 11.0, 38.0, 0.0, 24.0, 15.0, 0.0, 0.0], [179.0, 4.0, 0.0, 56.0, 111.0, 211.0, 63.0, 548.0, 70.0, 634.0, 63.0, 258.0, 126.0], [20.0, 23.0, 0.0, 0.0, 0.0, 20.0, 0.0, 101.0, 102.0, 7.0, 43.0, 5.0, 8.0], [84.0, 11.0, 91.0, 11.0, 0.0, 5.0, 15.0, 139.0, 35.0, 325.0, 10.0, 79.0, 36.0], [595.0, 0.0, 146.0, 154.0, 87.0, 0.0, 0.0, 372.0, 94.0, 191.0, 268.0, 5.0, 63.0], [0.0, 16.0, 81.0, 15.0, 7.0, 0.0, 0.0, 0.0, 15.0, 215.0, 0.0, 34.0, 0.0], [493.0, 0.0, 990.0, 97.0, 72.0, 202.0, 1.0, 0.0, 21.0, 124.0, 378.0, 43.0, 75.0], [0.0, 17.0, 2.0, 32.0, 0.0, 13.0, 4.0, 1.0, 0.0, 0.0, 94.0, 0.0, 1.0], [615.0, 23.0, 359.0, 67.0, 428.0, 330.0, 42.0, 348.0, 37.0, 0.0, 6.0, 90.0, 138.0], [7.0, 14.0, 77.0, 30.0, 0.0, 46.0, 0.0, 84.0, 13.0, 31.0, 0.0, 0.0, 9.0], [0.0, 5.0, 142.0, 3.0, 24.0, 3.0, 2.0, 26.0, 24.0, 140.0, 0.0, 0.0, 0.0], [111.0, 24.0, 19.0, 29.0, 10.0, 39.0, 9.0, 4.0, 5.0, 40.0, 0.0, 6.0, 0.0]], "TRCO": 0.5870438065560016, "ARCO": 0.5918284739456858}