{"TRCO": 0.4078438030560272, "ARCO": 0.4152161086498233, "err_matrix": [[0.0, 59.0, 883.0, 663.0, 508.0, 808.0, 123.0, 959.0, 643.0, 959.0, 559.0, 142.0, 488.0], [89.0, 0.0, 20.0, 88.0, 57.0, 25.0, 335.0, 130.0, 100.0, 555.0, 3.0, 138.0, 42.0], [1100.0, 297.0, 0.0, 690.0, 350.0, 639.0, 911.0, 1705.0, 755.0, 2616.0, 642.0, 1648.0, 2057.0], [321.0, 115.0, 41.0, 0.0, 50.0, 350.0, 202.0, 558.0, 505.0, 37.0, 351.0, 22.0, 99.0], [412.0, 434.0, 269.0, 858.0, 0.0, 95.0, 261.0, 229.0, 690.0, 2035.0, 51.0, 259.0, 169.0], [1178.0, 141.0, 760.0, 1963.0, 778.0, 0.0, 311.0, 262.0, 892.0, 2129.0, 1089.0, 27.0, 511.0], [0.0, 390.0, 34.0, 188.0, 102.0, 93.0, 0.0, 20.0, 110.0, 264.0, 7.0, 172.0, 76.0], [983.0, 146.0, 5728.0, 1974.0, 477.0, 275.0, 145.0, 0.0, 426.0, 924.0, 1103.0, 1605.0, 1453.0], [110.0, 437.0, 34.0, 622.0, 88.0, 498.0, 146.0, 129.0, 0.0, 101.0, 262.0, 0.0, 148.0], [2688.0, 875.0, 1715.0, 1327.0, 1981.0, 942.0, 1697.0, 1715.0, 1044.0, 0.0, 285.0, 466.0, 864.0], [600.0, 221.0, 1694.0, 1361.0, 117.0, 1638.0, 228.0, 570.0, 972.0, 98.0, 0.0, 31.0, 549.0], [91.0, 103.0, 114.0, 190.0, 126.0, 15.0, 141.0, 288.0, 228.0, 148.0, 46.0, 0.0, 172.0], [207.0, 127.0, 68.0, 491.0, 163.0, 111.0, 121.0, 191.0, 267.0, 323.0, 132.0, 144.0, 0.0]]}