{"TRCO": 0.43903565365025465, "ARCO": 0.44521692848517364, "err_matrix": [[0.0, 61.0, 895.0, 579.0, 648.0, 659.0, 159.0, 929.0, 1146.0, 965.0, 419.0, 31.0, 728.0], [107.0, 0.0, 0.0, 49.0, 51.0, 12.0, 336.0, 104.0, 56.0, 492.0, 3.0, 85.0, 117.0], [684.0, 237.0, 0.0, 506.0, 433.0, 770.0, 812.0, 1726.0, 617.0, 2062.0, 639.0, 1811.0, 1598.0], [293.0, 157.0, 45.0, 0.0, 93.0, 284.0, 96.0, 707.0, 509.0, 22.0, 349.0, 41.0, 273.0], [441.0, 329.0, 255.0, 365.0, 0.0, 90.0, 171.0, 290.0, 562.0, 1930.0, 29.0, 366.0, 266.0], [1107.0, 121.0, 999.0, 1510.0, 487.0, 0.0, 254.0, 258.0, 678.0, 2078.0, 1330.0, 37.0, 921.0], [0.0, 258.0, 91.0, 121.0, 105.0, 73.0, 0.0, 0.0, 100.0, 225.0, 0.0, 250.0, 149.0], [791.0, 34.0, 6489.0, 1417.0, 592.0, 282.0, 184.0, 0.0, 110.0, 676.0, 1295.0, 1534.0, 1608.0], [108.0, 475.0, 41.0, 579.0, 7.0, 328.0, 62.0, 93.0, 0.0, 68.0, 352.0, 0.0, 114.0], [2853.0, 693.0, 1774.0, 929.0, 1501.0, 1002.0, 1484.0, 1583.0, 978.0, 0.0, 168.0, 401.0, 1769.0], [519.0, 242.0, 1347.0, 739.0, 71.0, 1671.0, 144.0, 580.0, 744.0, 97.0, 0.0, 49.0, 878.0], [93.0, 90.0, 199.0, 95.0, 158.0, 3.0, 57.0, 363.0, 120.0, 92.0, 142.0, 0.0, 142.0], [330.0, 127.0, 47.0, 298.0, 149.0, 107.0, 65.0, 143.0, 182.0, 285.0, 72.0, 147.0, 0.0]]}