{"err_matrix": [[0.0, 1.0, 25.0, 3.0, 14.0, 58.0, 0.0, 86.0, 1.0, 18.0, 8.0, 7.0, 24.0], [3.0, 0.0, 1.0, 0.0, 4.0, 6.0, 1.0, 7.0, 3.0, 1.0, 0.0, 1.0, 1.0], [21.0, 0.0, 0.0, 3.0, 21.0, 13.0, 13.0, 83.0, 2.0, 100.0, 8.0, 12.0, 24.0], [2.0, 3.0, 2.0, 0.0, 0.0, 7.0, 0.0, 11.0, 14.0, 1.0, 1.0, 0.0, 3.0], [0.0, 0.0, 12.0, 1.0, 0.0, 5.0, 7.0, 13.0, 0.0, 50.0, 1.0, 9.0, 7.0], [75.0, 2.0, 23.0, 13.0, 19.0, 0.0, 2.0, 44.0, 2.0, 12.0, 35.0, 2.0, 17.0], [0.0, 6.0, 2.0, 2.0, 1.0, 1.0, 0.0, 4.0, 0.0, 16.0, 0.0, 4.0, 2.0], [52.0, 3.0, 80.0, 9.0, 10.0, 26.0, 0.0, 0.0, 0.0, 13.0, 27.0, 27.0, 14.0], [0.0, 2.0, 0.0, 16.0, 0.0, 5.0, 0.0, 0.0, 0.0, 6.0, 7.0, 0.0, 3.0], [27.0, 4.0, 94.0, 2.0, 45.0, 16.0, 22.0, 68.0, 1.0, 0.0, 6.0, 15.0, 21.0], [3.0, 10.0, 20.0, 4.0, 0.0, 36.0, 3.0, 23.0, 2.0, 2.0, 0.0, 1.0, 5.0], [0.0, 3.0, 5.0, 0.0, 6.0, 1.0, 25.0, 3.0, 0.0, 7.0, 0.0, 0.0, 1.0], [15.0, 0.0, 17.0, 1.0, 4.0, 3.0, 0.0, 13.0, 1.0, 6.0, 0.0, 0.0, 0.0]], "ARCO": 0.5660224859781228, "TRCO": 0.558133971291866}