{"ARCO": 0.6551360922551736, "TRCO": 0.6435032648415504, "err_matrix": [[0.0, 2.0, 83.0, 12.0, 71.0, 237.0, 1.0, 362.0, 1.0, 38.0, 36.0, 45.0, 36.0], [8.0, 0.0, 2.0, 0.0, 1.0, 8.0, 5.0, 10.0, 19.0, 7.0, 0.0, 8.0, 0.0], [139.0, 0.0, 0.0, 5.0, 29.0, 52.0, 34.0, 208.0, 0.0, 425.0, 15.0, 75.0, 52.0], [8.0, 8.0, 5.0, 0.0, 7.0, 8.0, 1.0, 28.0, 24.0, 2.0, 20.0, 0.0, 1.0], [25.0, 4.0, 23.0, 0.0, 0.0, 6.0, 14.0, 28.0, 2.0, 120.0, 0.0, 32.0, 19.0], [278.0, 1.0, 69.0, 43.0, 71.0, 0.0, 10.0, 161.0, 9.0, 81.0, 25.0, 15.0, 35.0], [0.0, 10.0, 1.0, 7.0, 0.0, 0.0, 0.0, 0.0, 0.0, 58.0, 0.0, 9.0, 6.0], [223.0, 0.0, 345.0, 22.0, 33.0, 115.0, 12.0, 0.0, 0.0, 36.0, 115.0, 105.0, 44.0], [1.0, 19.0, 0.0, 14.0, 1.0, 2.0, 3.0, 5.0, 0.0, 1.0, 6.0, 0.0, 0.0], [84.0, 13.0, 220.0, 7.0, 164.0, 22.0, 65.0, 294.0, 0.0, 0.0, 1.0, 54.0, 28.0], [10.0, 7.0, 33.0, 0.0, 1.0, 63.0, 10.0, 46.0, 12.0, 6.0, 0.0, 1.0, 11.0], [6.0, 0.0, 8.0, 1.0, 11.0, 5.0, 77.0, 12.0, 0.0, 49.0, 0.0, 0.0, 0.0], [63.0, 0.0, 43.0, 5.0, 13.0, 0.0, 6.0, 74.0, 0.0, 24.0, 0.0, 0.0, 0.0]]}