{"TRCO": 0.3643694437888443, "err_matrix": [[0.0, 128.0, 1137.0, 807.0, 1055.0, 1048.0, 185.0, 990.0, 1550.0, 1659.0, 407.0, 284.0, 748.0], [74.0, 0.0, 20.0, 85.0, 57.0, 13.0, 222.0, 140.0, 127.0, 555.0, 3.0, 128.0, 21.0], [1230.0, 298.0, 0.0, 803.0, 382.0, 820.0, 945.0, 2409.0, 815.0, 2687.0, 618.0, 1629.0, 2006.0], [359.0, 38.0, 56.0, 0.0, 34.0, 373.0, 11.0, 683.0, 110.0, 8.0, 318.0, 48.0, 45.0], [745.0, 451.0, 382.0, 551.0, 0.0, 539.0, 400.0, 609.0, 841.0, 2927.0, 51.0, 288.0, 292.0], [1235.0, 147.0, 810.0, 1772.0, 1817.0, 0.0, 448.0, 765.0, 1003.0, 2800.0, 813.0, 25.0, 493.0], [0.0, 378.0, 34.0, 15.0, 105.0, 44.0, 0.0, 4.0, 64.0, 277.0, 7.0, 201.0, 69.0], [1305.0, 211.0, 5642.0, 1208.0, 904.0, 506.0, 170.0, 0.0, 501.0, 1805.0, 1196.0, 1634.0, 1695.0], [58.0, 0.0, 45.0, 252.0, 41.0, 38.0, 48.0, 119.0, 0.0, 30.0, 126.0, 0.0, 68.0], [3291.0, 974.0, 1774.0, 976.0, 2137.0, 1440.0, 1902.0, 2427.0, 1337.0, 0.0, 284.0, 544.0, 1106.0], [597.0, 34.0, 1674.0, 1379.0, 82.0, 1930.0, 173.0, 549.0, 725.0, 115.0, 0.0, 48.0, 389.0], [72.0, 119.0, 101.0, 116.0, 201.0, 0.0, 115.0, 288.0, 258.0, 175.0, 69.0, 0.0, 147.0], [181.0, 131.0, 64.0, 310.0, 176.0, 111.0, 110.0, 170.0, 212.0, 526.0, 127.0, 116.0, 0.0]], "ARCO": 0.3695536043896559}