{"ARCO": 0.3876660076002302, "TRCO": 0.38543387617024627, "err_matrix": [[0.0, 161.0, 1180.0, 517.0, 1148.0, 958.0, 233.0, 997.0, 1535.0, 1756.0, 379.0, 264.0, 1010.0], [61.0, 0.0, 0.0, 43.0, 51.0, 12.0, 262.0, 134.0, 102.0, 491.0, 3.0, 102.0, 104.0], [898.0, 217.0, 0.0, 429.0, 450.0, 934.0, 787.0, 2417.0, 681.0, 2077.0, 618.0, 1953.0, 1663.0], [284.0, 19.0, 51.0, 0.0, 131.0, 279.0, 15.0, 862.0, 167.0, 6.0, 220.0, 29.0, 211.0], [803.0, 290.0, 358.0, 296.0, 0.0, 415.0, 283.0, 645.0, 716.0, 2864.0, 46.0, 431.0, 478.0], [1259.0, 147.0, 1007.0, 1262.0, 1626.0, 0.0, 365.0, 817.0, 823.0, 2476.0, 1170.0, 182.0, 889.0], [0.0, 276.0, 73.0, 0.0, 105.0, 44.0, 0.0, 0.0, 59.0, 238.0, 6.0, 264.0, 150.0], [1154.0, 78.0, 6436.0, 977.0, 1013.0, 411.0, 215.0, 0.0, 393.0, 1372.0, 1369.0, 1522.0, 1822.0], [78.0, 0.0, 32.0, 262.0, 4.0, 37.0, 44.0, 77.0, 0.0, 29.0, 194.0, 0.0, 89.0], [3453.0, 691.0, 1853.0, 663.0, 1585.0, 1378.0, 1550.0, 2488.0, 1450.0, 0.0, 209.0, 563.0, 2007.0], [528.0, 101.0, 1327.0, 909.0, 45.0, 1594.0, 113.0, 614.0, 690.0, 96.0, 0.0, 84.0, 843.0], [47.0, 62.0, 199.0, 85.0, 188.0, 0.0, 54.0, 318.0, 212.0, 131.0, 155.0, 0.0, 95.0], [319.0, 138.0, 47.0, 211.0, 135.0, 107.0, 33.0, 177.0, 174.0, 494.0, 72.0, 82.0, 0.0]]}