{"TRCO": 0.5141276272142024, "ARCO": 0.5252388996821673, "err_matrix": [[0.0, 7.0, 829.0, 96.0, 652.0, 317.0, 51.0, 785.0, 30.0, 400.0, 221.0, 239.0, 441.0], [21.0, 0.0, 14.0, 7.0, 75.0, 3.0, 96.0, 146.0, 148.0, 72.0, 0.0, 73.0, 64.0], [781.0, 2.0, 0.0, 80.0, 289.0, 300.0, 166.0, 1207.0, 50.0, 1226.0, 143.0, 419.0, 700.0], [77.0, 0.0, 50.0, 0.0, 75.0, 72.0, 24.0, 270.0, 35.0, 4.0, 314.0, 13.0, 46.0], [484.0, 13.0, 82.0, 22.0, 0.0, 101.0, 273.0, 254.0, 42.0, 735.0, 33.0, 195.0, 150.0], [646.0, 0.0, 521.0, 282.0, 847.0, 0.0, 137.0, 623.0, 121.0, 1003.0, 104.0, 87.0, 380.0], [7.0, 15.0, 11.0, 16.0, 50.0, 0.0, 0.0, 22.0, 0.0, 136.0, 0.0, 123.0, 20.0], [686.0, 0.0, 2303.0, 51.0, 354.0, 305.0, 87.0, 0.0, 45.0, 726.0, 731.0, 1043.0, 459.0], [14.0, 0.0, 21.0, 71.0, 5.0, 4.0, 22.0, 9.0, 0.0, 11.0, 55.0, 0.0, 0.0], [999.0, 44.0, 713.0, 92.0, 1265.0, 418.0, 675.0, 1721.0, 104.0, 0.0, 90.0, 523.0, 740.0], [280.0, 90.0, 872.0, 18.0, 3.0, 1055.0, 18.0, 284.0, 125.0, 73.0, 0.0, 12.0, 79.0], [51.0, 0.0, 81.0, 3.0, 114.0, 4.0, 79.0, 0.0, 4.0, 70.0, 22.0, 0.0, 20.0], [58.0, 7.0, 23.0, 62.0, 33.0, 12.0, 6.0, 295.0, 6.0, 141.0, 0.0, 6.0, 0.0]]}