{"ARCO": 0.5651875551515346, "TRCO": 0.5515918508028562, "err_matrix": [[0.0, 17.0, 729.0, 194.0, 690.0, 1516.0, 29.0, 3119.0, 51.0, 416.0, 269.0, 568.0, 844.0], [30.0, 0.0, 18.0, 7.0, 56.0, 70.0, 77.0, 185.0, 200.0, 73.0, 0.0, 63.0, 40.0], [1327.0, 115.0, 0.0, 186.0, 502.0, 516.0, 721.0, 1875.0, 142.0, 3938.0, 208.0, 696.0, 842.0], [89.0, 77.0, 50.0, 0.0, 74.0, 69.0, 38.0, 256.0, 179.0, 16.0, 364.0, 32.0, 74.0], [121.0, 58.0, 311.0, 65.0, 0.0, 64.0, 351.0, 331.0, 139.0, 774.0, 10.0, 383.0, 222.0], [2283.0, 29.0, 974.0, 495.0, 440.0, 0.0, 132.0, 1389.0, 120.0, 1026.0, 238.0, 138.0, 542.0], [13.0, 63.0, 9.0, 92.0, 22.0, 5.0, 0.0, 46.0, 7.0, 528.0, 0.0, 102.0, 19.0], [1550.0, 41.0, 2970.0, 223.0, 431.0, 820.0, 153.0, 0.0, 31.0, 622.0, 1087.0, 1238.0, 604.0], [71.0, 149.0, 33.0, 170.0, 24.0, 3.0, 34.0, 26.0, 0.0, 12.0, 86.0, 4.0, 7.0], [888.0, 171.0, 1292.0, 202.0, 2370.0, 163.0, 860.0, 2069.0, 158.0, 0.0, 128.0, 696.0, 798.0], [267.0, 146.0, 939.0, 40.0, 18.0, 1117.0, 58.0, 370.0, 108.0, 104.0, 0.0, 7.0, 96.0], [64.0, 75.0, 99.0, 2.0, 113.0, 32.0, 596.0, 110.0, 18.0, 336.0, 25.0, 0.0, 5.0], [465.0, 23.0, 243.0, 76.0, 63.0, 33.0, 41.0, 571.0, 19.0, 142.0, 36.0, 16.0, 0.0]]}