{"err_matrix": [[0.0, 1.0, 40.0, 5.0, 28.0, 94.0, 0.0, 121.0, 28.0, 72.0, 44.0, 0.0, 7.0], [1.0, 0.0, 2.0, 1.0, 1.0, 3.0, 15.0, 9.0, 0.0, 5.0, 8.0, 0.0, 0.0], [29.0, 0.0, 0.0, 16.0, 57.0, 47.0, 8.0, 185.0, 20.0, 243.0, 34.0, 44.0, 24.0], [4.0, 2.0, 0.0, 0.0, 0.0, 3.0, 0.0, 24.0, 34.0, 1.0, 40.0, 0.0, 1.0], [18.0, 0.0, 38.0, 2.0, 0.0, 2.0, 3.0, 29.0, 0.0, 86.0, 6.0, 6.0, 14.0], [202.0, 0.0, 33.0, 37.0, 29.0, 0.0, 0.0, 108.0, 36.0, 22.0, 119.0, 0.0, 33.0], [0.0, 3.0, 27.0, 4.0, 0.0, 0.0, 0.0, 0.0, 4.0, 56.0, 0.0, 10.0, 0.0], [178.0, 0.0, 266.0, 24.0, 36.0, 43.0, 0.0, 0.0, 3.0, 35.0, 118.0, 1.0, 5.0], [0.0, 4.0, 1.0, 12.0, 1.0, 4.0, 1.0, 0.0, 0.0, 0.0, 33.0, 0.0, 0.0], [143.0, 1.0, 130.0, 6.0, 151.0, 63.0, 7.0, 115.0, 3.0, 0.0, 1.0, 27.0, 33.0], [0.0, 4.0, 7.0, 14.0, 0.0, 10.0, 0.0, 22.0, 5.0, 0.0, 0.0, 0.0, 1.0], [2.0, 2.0, 29.0, 3.0, 22.0, 0.0, 1.0, 4.0, 5.0, 44.0, 0.0, 0.0, 0.0], [24.0, 0.0, 9.0, 9.0, 3.0, 3.0, 0.0, 2.0, 2.0, 18.0, 2.0, 0.0, 0.0]], "TRCO": 0.5307075302286604, "ARCO": 0.5313262137915945}