{"TRCO": 0.4902774499777096, "ARCO": 0.49990929470733886, "err_matrix": [[0.0, 22.0, 1656.0, 199.0, 1388.0, 709.0, 107.0, 1702.0, 102.0, 822.0, 423.0, 465.0, 1010.0], [48.0, 0.0, 28.0, 22.0, 141.0, 0.0, 133.0, 338.0, 329.0, 135.0, 0.0, 152.0, 102.0], [1512.0, 21.0, 0.0, 211.0, 648.0, 607.0, 357.0, 2422.0, 136.0, 2441.0, 429.0, 870.0, 1763.0], [171.0, 0.0, 104.0, 0.0, 134.0, 136.0, 65.0, 521.0, 85.0, 6.0, 734.0, 30.0, 133.0], [973.0, 8.0, 187.0, 74.0, 0.0, 187.0, 555.0, 523.0, 130.0, 1455.0, 82.0, 470.0, 346.0], [1305.0, 6.0, 1118.0, 591.0, 1661.0, 0.0, 387.0, 1215.0, 325.0, 1907.0, 249.0, 163.0, 928.0], [19.0, 5.0, 23.0, 66.0, 81.0, 13.0, 0.0, 37.0, 7.0, 243.0, 0.0, 280.0, 77.0], [1378.0, 14.0, 4472.0, 195.0, 633.0, 623.0, 228.0, 0.0, 203.0, 1424.0, 1459.0, 1972.0, 1240.0], [26.0, 6.0, 57.0, 166.0, 12.0, 2.0, 42.0, 31.0, 0.0, 28.0, 114.0, 4.0, 22.0], [2128.0, 109.0, 1563.0, 259.0, 2696.0, 786.0, 1430.0, 3433.0, 278.0, 0.0, 245.0, 1061.0, 1752.0], [531.0, 206.0, 1656.0, 58.0, 13.0, 2245.0, 99.0, 586.0, 255.0, 151.0, 0.0, 78.0, 269.0], [104.0, 30.0, 188.0, 13.0, 187.0, 26.0, 154.0, 0.0, 7.0, 140.0, 39.0, 0.0, 65.0], [98.0, 15.0, 49.0, 120.0, 64.0, 20.0, 20.0, 583.0, 25.0, 286.0, 0.0, 13.0, 0.0]]}