{"TRCO": 0.3462289880156295, "ARCO": 0.349177643569279, "err_matrix": [[0.0, 158.0, 984.0, 924.0, 1060.0, 1050.0, 89.0, 862.0, 1690.0, 1778.0, 448.0, 256.0, 968.0], [93.0, 0.0, 17.0, 80.0, 60.0, 18.0, 105.0, 105.0, 126.0, 582.0, 4.0, 128.0, 78.0], [1133.0, 371.0, 0.0, 1095.0, 370.0, 894.0, 695.0, 2346.0, 1014.0, 2723.0, 481.0, 1635.0, 2444.0], [448.0, 29.0, 56.0, 0.0, 41.0, 287.0, 12.0, 658.0, 101.0, 8.0, 244.0, 53.0, 43.0], [659.0, 393.0, 400.0, 897.0, 0.0, 552.0, 280.0, 579.0, 908.0, 2878.0, 92.0, 323.0, 402.0], [1134.0, 183.0, 712.0, 2246.0, 1708.0, 0.0, 321.0, 619.0, 1313.0, 2677.0, 1046.0, 58.0, 571.0], [0.0, 414.0, 29.0, 26.0, 99.0, 49.0, 0.0, 0.0, 74.0, 284.0, 7.0, 235.0, 70.0], [1338.0, 255.0, 5444.0, 1702.0, 881.0, 530.0, 172.0, 0.0, 571.0, 1783.0, 1090.0, 1626.0, 2157.0], [49.0, 14.0, 59.0, 314.0, 11.0, 38.0, 51.0, 86.0, 0.0, 38.0, 79.0, 0.0, 118.0], [3148.0, 972.0, 1933.0, 1279.0, 2150.0, 1387.0, 1249.0, 2455.0, 1700.0, 0.0, 267.0, 504.0, 1362.0], [578.0, 39.0, 1319.0, 1721.0, 93.0, 1875.0, 185.0, 580.0, 901.0, 71.0, 0.0, 49.0, 530.0], [60.0, 107.0, 77.0, 98.0, 230.0, 0.0, 55.0, 297.0, 286.0, 196.0, 88.0, 0.0, 174.0], [181.0, 136.0, 130.0, 363.0, 215.0, 88.0, 114.0, 158.0, 253.0, 438.0, 116.0, 26.0, 0.0]]}