{"ARCO": 0.5974486633597077, "TRCO": 0.5841736967499288, "err_matrix": [[0.0, 4.0, 363.0, 62.0, 338.0, 777.0, 9.0, 1505.0, 4.0, 204.0, 131.0, 273.0, 338.0], [12.0, 0.0, 2.0, 1.0, 26.0, 37.0, 31.0, 54.0, 87.0, 37.0, 0.0, 24.0, 21.0], [715.0, 29.0, 0.0, 73.0, 229.0, 227.0, 295.0, 919.0, 46.0, 1832.0, 76.0, 301.0, 273.0], [35.0, 35.0, 23.0, 0.0, 41.0, 41.0, 7.0, 122.0, 96.0, 6.0, 99.0, 8.0, 8.0], [51.0, 18.0, 145.0, 19.0, 0.0, 27.0, 147.0, 133.0, 28.0, 433.0, 2.0, 144.0, 80.0], [1199.0, 13.0, 432.0, 225.0, 234.0, 0.0, 49.0, 664.0, 37.0, 492.0, 89.0, 62.0, 209.0], [4.0, 32.0, 1.0, 40.0, 12.0, 0.0, 0.0, 21.0, 0.0, 284.0, 0.0, 46.0, 6.0], [793.0, 6.0, 1440.0, 105.0, 193.0, 420.0, 55.0, 0.0, 12.0, 279.0, 565.0, 626.0, 204.0], [29.0, 73.0, 9.0, 63.0, 11.0, 6.0, 16.0, 9.0, 0.0, 8.0, 50.0, 0.0, 1.0], [438.0, 79.0, 653.0, 68.0, 1141.0, 57.0, 334.0, 1025.0, 41.0, 0.0, 35.0, 312.0, 265.0], [120.0, 61.0, 473.0, 8.0, 7.0, 488.0, 38.0, 196.0, 52.0, 46.0, 0.0, 0.0, 27.0], [25.0, 36.0, 41.0, 1.0, 61.0, 10.0, 291.0, 53.0, 0.0, 173.0, 9.0, 0.0, 3.0], [250.0, 13.0, 121.0, 33.0, 36.0, 17.0, 27.0, 277.0, 4.0, 67.0, 11.0, 1.0, 0.0]]}