{"err_matrix": [[0.0, 1.0, 89.0, 13.0, 49.0, 224.0, 2.0, 240.0, 57.0, 115.0, 56.0, 2.0, 21.0], [2.0, 0.0, 0.0, 0.0, 3.0, 0.0, 35.0, 20.0, 0.0, 18.0, 11.0, 0.0, 0.0], [69.0, 1.0, 0.0, 13.0, 41.0, 96.0, 37.0, 320.0, 29.0, 401.0, 43.0, 140.0, 57.0], [4.0, 4.0, 0.0, 0.0, 0.0, 3.0, 0.0, 66.0, 53.0, 3.0, 31.0, 3.0, 3.0], [30.0, 1.0, 53.0, 5.0, 0.0, 6.0, 8.0, 72.0, 2.0, 189.0, 9.0, 15.0, 14.0], [349.0, 0.0, 50.0, 72.0, 47.0, 0.0, 0.0, 217.0, 55.0, 59.0, 203.0, 7.0, 32.0], [0.0, 5.0, 49.0, 7.0, 0.0, 1.0, 0.0, 0.0, 7.0, 110.0, 0.0, 21.0, 0.0], [315.0, 0.0, 521.0, 38.0, 33.0, 90.0, 0.0, 0.0, 9.0, 66.0, 221.0, 15.0, 34.0], [0.0, 7.0, 0.0, 13.0, 1.0, 6.0, 1.0, 1.0, 0.0, 0.0, 59.0, 0.0, 0.0], [307.0, 0.0, 232.0, 21.0, 241.0, 197.0, 25.0, 218.0, 2.0, 0.0, 8.0, 59.0, 74.0], [1.0, 3.0, 22.0, 20.0, 0.0, 17.0, 0.0, 59.0, 7.0, 11.0, 0.0, 0.0, 5.0], [0.0, 1.0, 69.0, 3.0, 35.0, 0.0, 8.0, 11.0, 9.0, 74.0, 3.0, 0.0, 0.0], [55.0, 0.0, 9.0, 14.0, 3.0, 26.0, 0.0, 4.0, 4.0, 19.0, 2.0, 0.0, 0.0]], "TRCO": 0.5580183310369616, "ARCO": 0.5621708517186971}