{"TRCO": 0.5002884640600005, "ARCO": 0.5099213770044028, "err_matrix": [[0.0, 21.0, 1380.0, 197.0, 1253.0, 629.0, 101.0, 1329.0, 120.0, 825.0, 450.0, 459.0, 1772.0], [54.0, 0.0, 23.0, 21.0, 156.0, 0.0, 157.0, 371.0, 364.0, 134.0, 8.0, 136.0, 27.0], [1748.0, 7.0, 0.0, 209.0, 751.0, 625.0, 364.0, 2329.0, 146.0, 2725.0, 437.0, 906.0, 911.0], [188.0, 0.0, 94.0, 0.0, 167.0, 138.0, 59.0, 541.0, 49.0, 16.0, 709.0, 24.0, 162.0], [911.0, 3.0, 177.0, 83.0, 0.0, 203.0, 538.0, 508.0, 161.0, 1532.0, 77.0, 527.0, 443.0], [1330.0, 23.0, 1123.0, 646.0, 1632.0, 0.0, 365.0, 1244.0, 284.0, 1987.0, 281.0, 191.0, 502.0], [14.0, 5.0, 23.0, 71.0, 97.0, 13.0, 0.0, 32.0, 8.0, 262.0, 0.0, 267.0, 5.0], [1453.0, 10.0, 4392.0, 273.0, 688.0, 653.0, 222.0, 0.0, 198.0, 1440.0, 1583.0, 1945.0, 1379.0], [25.0, 6.0, 52.0, 161.0, 11.0, 2.0, 44.0, 34.0, 0.0, 30.0, 107.0, 5.0, 35.0], [2246.0, 35.0, 1365.0, 295.0, 2579.0, 834.0, 1449.0, 3406.0, 299.0, 0.0, 263.0, 1079.0, 1358.0], [573.0, 152.0, 1654.0, 50.0, 8.0, 2148.0, 90.0, 544.0, 234.0, 133.0, 0.0, 33.0, 311.0], [108.0, 0.0, 189.0, 14.0, 199.0, 18.0, 153.0, 0.0, 7.0, 112.0, 49.0, 0.0, 81.0], [50.0, 0.0, 21.0, 27.0, 3.0, 2.0, 16.0, 29.0, 14.0, 226.0, 58.0, 100.0, 0.0]]}