{"TRCO": 0.3850458404074703, "ARCO": 0.3912606756241819, "err_matrix": [[0.0, 61.0, 692.0, 904.0, 545.0, 942.0, 74.0, 708.0, 737.0, 1022.0, 725.0, 122.0, 648.0], [133.0, 0.0, 17.0, 79.0, 60.0, 22.0, 131.0, 81.0, 74.0, 577.0, 34.0, 126.0, 142.0], [939.0, 363.0, 0.0, 997.0, 386.0, 761.0, 681.0, 1503.0, 1115.0, 2709.0, 453.0, 1635.0, 2574.0], [287.0, 116.0, 35.0, 0.0, 49.0, 321.0, 163.0, 400.0, 516.0, 32.0, 319.0, 27.0, 105.0], [357.0, 402.0, 304.0, 1310.0, 0.0, 132.0, 195.0, 149.0, 727.0, 1999.0, 38.0, 288.0, 149.0], [1079.0, 166.0, 792.0, 2572.0, 509.0, 0.0, 257.0, 216.0, 1215.0, 2090.0, 1192.0, 48.0, 547.0], [0.0, 439.0, 44.0, 301.0, 96.0, 57.0, 0.0, 15.0, 127.0, 278.0, 7.0, 183.0, 82.0], [980.0, 194.0, 5452.0, 2826.0, 529.0, 340.0, 141.0, 0.0, 548.0, 881.0, 1063.0, 1500.0, 1757.0], [114.0, 485.0, 46.0, 685.0, 4.0, 443.0, 122.0, 103.0, 0.0, 87.0, 185.0, 0.0, 136.0], [2594.0, 943.0, 1882.0, 2108.0, 1808.0, 969.0, 1150.0, 1570.0, 1161.0, 0.0, 306.0, 383.0, 1040.0], [608.0, 341.0, 1332.0, 1938.0, 90.0, 1401.0, 165.0, 546.0, 1122.0, 60.0, 0.0, 25.0, 937.0], [75.0, 123.0, 76.0, 128.0, 201.0, 14.0, 46.0, 296.0, 216.0, 168.0, 98.0, 0.0, 228.0], [218.0, 134.0, 120.0, 537.0, 203.0, 88.0, 73.0, 179.0, 318.0, 263.0, 100.0, 46.0, 0.0]]}