{"TRCO": 0.45328193428264235, "ARCO": 0.45143200939079725, "err_matrix": [[0.0, 134.0, 934.0, 380.0, 1425.0, 1330.0, 234.0, 886.0, 1050.0, 1716.0, 541.0, 155.0, 820.0], [19.0, 0.0, 0.0, 20.0, 30.0, 3.0, 421.0, 171.0, 47.0, 114.0, 0.0, 93.0, 0.0], [1006.0, 126.0, 0.0, 94.0, 431.0, 1560.0, 477.0, 2248.0, 394.0, 1957.0, 466.0, 2043.0, 942.0], [183.0, 0.0, 32.0, 0.0, 209.0, 209.0, 25.0, 1138.0, 225.0, 16.0, 100.0, 71.0, 324.0], [1064.0, 312.0, 323.0, 77.0, 0.0, 229.0, 336.0, 574.0, 351.0, 2210.0, 113.0, 453.0, 520.0], [1021.0, 214.0, 1263.0, 843.0, 1159.0, 0.0, 184.0, 800.0, 209.0, 1592.0, 1025.0, 711.0, 1024.0], [17.0, 19.0, 547.0, 0.0, 53.0, 18.0, 0.0, 0.0, 29.0, 143.0, 0.0, 418.0, 26.0], [1586.0, 48.0, 7090.0, 331.0, 1111.0, 620.0, 215.0, 0.0, 275.0, 1237.0, 1487.0, 1157.0, 829.0], [74.0, 70.0, 26.0, 428.0, 0.0, 42.0, 55.0, 14.0, 0.0, 0.0, 238.0, 4.0, 35.0], [4042.0, 497.0, 1643.0, 255.0, 1549.0, 2689.0, 1164.0, 1416.0, 667.0, 0.0, 210.0, 916.0, 2187.0], [289.0, 10.0, 971.0, 315.0, 96.0, 725.0, 13.0, 899.0, 666.0, 167.0, 0.0, 10.0, 77.0], [19.0, 24.0, 305.0, 0.0, 26.0, 0.0, 35.0, 105.0, 102.0, 133.0, 92.0, 0.0, 0.0], [33.0, 165.0, 19.0, 41.0, 192.0, 212.0, 143.0, 59.0, 104.0, 462.0, 0.0, 0.0, 0.0]]}