{"err_matrix": [[0.0, 16.0, 90.0, 35.0, 109.0, 165.0, 21.0, 411.0, 28.0, 72.0, 43.0, 76.0, 95.0], [10.0, 0.0, 2.0, 5.0, 6.0, 10.0, 7.0, 29.0, 23.0, 11.0, 1.0, 5.0, 6.0], [154.0, 36.0, 0.0, 69.0, 66.0, 78.0, 126.0, 280.0, 42.0, 486.0, 87.0, 98.0, 112.0], [13.0, 12.0, 7.0, 0.0, 13.0, 11.0, 9.0, 34.0, 23.0, 7.0, 54.0, 5.0, 14.0], [39.0, 19.0, 38.0, 32.0, 0.0, 31.0, 51.0, 46.0, 36.0, 109.0, 8.0, 57.0, 39.0], [268.0, 20.0, 120.0, 74.0, 88.0, 0.0, 44.0, 187.0, 28.0, 129.0, 56.0, 28.0, 59.0], [1.0, 13.0, 3.0, 10.0, 9.0, 5.0, 0.0, 10.0, 2.0, 62.0, 2.0, 12.0, 6.0], [206.0, 17.0, 371.0, 62.0, 75.0, 103.0, 67.0, 0.0, 32.0, 74.0, 143.0, 129.0, 82.0], [14.0, 31.0, 3.0, 32.0, 4.0, 5.0, 5.0, 6.0, 0.0, 9.0, 12.0, 3.0, 4.0], [139.0, 43.0, 194.0, 82.0, 293.0, 73.0, 140.0, 290.0, 53.0, 0.0, 48.0, 85.0, 90.0], [32.0, 34.0, 103.0, 13.0, 5.0, 139.0, 15.0, 56.0, 18.0, 26.0, 0.0, 5.0, 30.0], [12.0, 12.0, 13.0, 9.0, 19.0, 7.0, 89.0, 21.0, 3.0, 42.0, 6.0, 0.0, 8.0], [56.0, 6.0, 38.0, 25.0, 13.0, 16.0, 11.0, 91.0, 14.0, 29.0, 12.0, 11.0, 0.0]], "TRCO": 0.4661834301803151, "ARCO": 0.4761313119124868}