{"err_matrix": [[0.0, 109.0, 817.0, 1273.0, 633.0, 972.0, 154.0, 733.0, 1121.0, 939.0, 471.0, 161.0, 824.0], [60.0, 0.0, 24.0, 166.0, 104.0, 41.0, 251.0, 65.0, 99.0, 465.0, 37.0, 97.0, 139.0], [890.0, 377.0, 0.0, 1210.0, 482.0, 779.0, 1019.0, 1323.0, 848.0, 2163.0, 1009.0, 1668.0, 2960.0], [335.0, 170.0, 45.0, 0.0, 141.0, 304.0, 45.0, 375.0, 567.0, 51.0, 427.0, 80.0, 491.0], [513.0, 366.0, 287.0, 844.0, 0.0, 193.0, 210.0, 189.0, 769.0, 1854.0, 99.0, 348.0, 601.0], [1136.0, 274.0, 1149.0, 2289.0, 478.0, 0.0, 237.0, 187.0, 968.0, 1885.0, 1299.0, 172.0, 1173.0], [23.0, 237.0, 135.0, 320.0, 69.0, 55.0, 0.0, 6.0, 173.0, 280.0, 7.0, 227.0, 130.0], [1027.0, 200.0, 5343.0, 2980.0, 622.0, 360.0, 244.0, 0.0, 465.0, 871.0, 1342.0, 1431.0, 2264.0], [155.0, 460.0, 50.0, 795.0, 44.0, 449.0, 77.0, 51.0, 0.0, 84.0, 235.0, 12.0, 185.0], [2776.0, 996.0, 2091.0, 2103.0, 1479.0, 1210.0, 1609.0, 1027.0, 1324.0, 0.0, 393.0, 588.0, 2271.0], [526.0, 261.0, 1013.0, 2252.0, 152.0, 1323.0, 118.0, 385.0, 1085.0, 107.0, 0.0, 83.0, 1520.0], [59.0, 109.0, 217.0, 156.0, 124.0, 38.0, 82.0, 227.0, 210.0, 115.0, 136.0, 0.0, 157.0], [218.0, 119.0, 121.0, 410.0, 151.0, 146.0, 88.0, 88.0, 262.0, 223.0, 105.0, 123.0, 0.0]], "TRCO": 0.34249235993208826, "ARCO": 0.34692945156766447}