{"err_matrix": [[0.0, 47.0, 730.0, 416.0, 764.0, 584.0, 117.0, 896.0, 1027.0, 952.0, 585.0, 84.0, 1035.0], [37.0, 0.0, 6.0, 36.0, 97.0, 16.0, 367.0, 149.0, 33.0, 258.0, 27.0, 101.0, 43.0], [819.0, 155.0, 0.0, 316.0, 809.0, 1141.0, 577.0, 1608.0, 385.0, 1776.0, 737.0, 1680.0, 1886.0], [347.0, 155.0, 43.0, 0.0, 249.0, 230.0, 43.0, 866.0, 463.0, 63.0, 478.0, 108.0, 535.0], [596.0, 286.0, 299.0, 163.0, 0.0, 69.0, 197.0, 245.0, 232.0, 1369.0, 112.0, 358.0, 704.0], [1121.0, 249.0, 1564.0, 1116.0, 375.0, 0.0, 176.0, 326.0, 335.0, 1307.0, 1384.0, 507.0, 1473.0], [27.0, 92.0, 507.0, 117.0, 54.0, 31.0, 0.0, 13.0, 104.0, 276.0, 8.0, 348.0, 100.0], [1155.0, 62.0, 6773.0, 835.0, 1074.0, 437.0, 217.0, 0.0, 82.0, 644.0, 1478.0, 1349.0, 1311.0], [183.0, 314.0, 62.0, 624.0, 132.0, 74.0, 53.0, 33.0, 0.0, 16.0, 424.0, 13.0, 129.0], [3199.0, 610.0, 1856.0, 429.0, 1532.0, 1976.0, 1120.0, 839.0, 384.0, 0.0, 237.0, 768.0, 3675.0], [436.0, 141.0, 1313.0, 489.0, 352.0, 771.0, 73.0, 840.0, 489.0, 206.0, 0.0, 72.0, 594.0], [38.0, 18.0, 402.0, 21.0, 176.0, 9.0, 21.0, 141.0, 98.0, 124.0, 113.0, 0.0, 63.0], [59.0, 126.0, 127.0, 100.0, 188.0, 125.0, 56.0, 41.0, 71.0, 261.0, 32.0, 45.0, 0.0]], "TRCO": 0.44009507640067913, "ARCO": 0.4404931434426489}