{"err_matrix": [[0.0, 172.0, 819.0, 1366.0, 527.0, 1077.0, 170.0, 776.0, 844.0, 1067.0, 507.0, 181.0, 572.0], [85.0, 0.0, 32.0, 174.0, 77.0, 54.0, 309.0, 72.0, 122.0, 461.0, 25.0, 115.0, 93.0], [1107.0, 547.0, 0.0, 1573.0, 427.0, 674.0, 1159.0, 1299.0, 1131.0, 2756.0, 1014.0, 1508.0, 3063.0], [377.0, 117.0, 68.0, 0.0, 92.0, 345.0, 144.0, 351.0, 695.0, 79.0, 394.0, 68.0, 259.0], [438.0, 431.0, 338.0, 1588.0, 0.0, 238.0, 262.0, 185.0, 881.0, 1842.0, 92.0, 309.0, 256.0], [1196.0, 321.0, 1011.0, 2884.0, 472.0, 0.0, 344.0, 172.0, 1293.0, 1890.0, 1167.0, 121.0, 662.0], [29.0, 286.0, 81.0, 389.0, 55.0, 73.0, 0.0, 16.0, 209.0, 267.0, 23.0, 198.0, 79.0], [1503.0, 340.0, 4392.0, 3158.0, 489.0, 397.0, 336.0, 0.0, 1045.0, 1089.0, 1284.0, 1357.0, 2276.0], [158.0, 312.0, 49.0, 798.0, 56.0, 546.0, 270.0, 69.0, 0.0, 133.0, 196.0, 16.0, 182.0], [2419.0, 1256.0, 2143.0, 2988.0, 1415.0, 1316.0, 1771.0, 1040.0, 1740.0, 0.0, 494.0, 617.0, 1032.0], [725.0, 252.0, 1202.0, 2625.0, 152.0, 1394.0, 221.0, 354.0, 1519.0, 142.0, 0.0, 112.0, 1109.0], [63.0, 125.0, 135.0, 264.0, 87.0, 67.0, 118.0, 233.0, 226.0, 150.0, 97.0, 0.0, 144.0], [203.0, 136.0, 142.0, 567.0, 196.0, 133.0, 104.0, 103.0, 301.0, 243.0, 135.0, 110.0, 0.0]], "TRCO": 0.30992869269949064, "ARCO": 0.31659602066099884}