{"err_matrix": [[0.0, 207.0, 763.0, 2076.0, 538.0, 1118.0, 144.0, 429.0, 997.0, 1013.0, 515.0, 186.0, 658.0], [79.0, 0.0, 28.0, 212.0, 76.0, 49.0, 233.0, 32.0, 125.0, 497.0, 30.0, 104.0, 133.0], [954.0, 581.0, 0.0, 2501.0, 456.0, 726.0, 902.0, 999.0, 1323.0, 2681.0, 986.0, 1527.0, 3291.0], [369.0, 130.0, 58.0, 0.0, 90.0, 307.0, 132.0, 199.0, 687.0, 76.0, 352.0, 70.0, 214.0], [460.0, 420.0, 325.0, 1925.0, 0.0, 227.0, 208.0, 113.0, 938.0, 1796.0, 108.0, 293.0, 255.0], [1153.0, 332.0, 933.0, 3603.0, 416.0, 0.0, 270.0, 122.0, 1423.0, 1779.0, 1242.0, 113.0, 670.0], [31.0, 313.0, 100.0, 561.0, 43.0, 58.0, 0.0, 7.0, 205.0, 260.0, 24.0, 179.0, 68.0], [1067.0, 365.0, 4063.0, 5812.0, 505.0, 379.0, 246.0, 0.0, 1070.0, 938.0, 1270.0, 1331.0, 2516.0], [157.0, 339.0, 49.0, 947.0, 54.0, 529.0, 252.0, 42.0, 0.0, 142.0, 185.0, 13.0, 167.0], [2292.0, 1264.0, 2190.0, 4101.0, 1357.0, 1211.0, 1315.0, 840.0, 2092.0, 0.0, 541.0, 579.0, 1296.0], [695.0, 344.0, 944.0, 3194.0, 136.0, 1222.0, 195.0, 309.0, 1624.0, 125.0, 0.0, 120.0, 1251.0], [52.0, 127.0, 123.0, 246.0, 83.0, 76.0, 93.0, 238.0, 244.0, 165.0, 109.0, 0.0, 165.0], [223.0, 134.0, 136.0, 694.0, 190.0, 142.0, 77.0, 69.0, 327.0, 206.0, 123.0, 99.0, 0.0]], "TRCO": 0.27577589134125635, "ARCO": 0.2789432950897237}