{"TRCO": 0.36188474890488287, "ARCO": 0.3654380454252291, "err_matrix": [[0.0, 776.0, 1647.0, 1286.0, 4796.0, 1519.0, 767.0, 5679.0, 3209.0, 2246.0, 1094.0, 1450.0, 0.0], [526.0, 0.0, 195.0, 555.0, 2041.0, 1553.0, 1598.0, 382.0, 2149.0, 1040.0, 828.0, 946.0, 0.0], [1485.0, 1769.0, 0.0, 1853.0, 2462.0, 4505.0, 8309.0, 3754.0, 1129.0, 7156.0, 8003.0, 4343.0, 0.0], [262.0, 55.0, 85.0, 0.0, 175.0, 185.0, 192.0, 940.0, 216.0, 223.0, 279.0, 386.0, 0.0], [3802.0, 1885.0, 2408.0, 2777.0, 0.0, 2521.0, 2365.0, 4214.0, 6318.0, 3610.0, 2055.0, 7765.0, 0.0], [2749.0, 1473.0, 1784.0, 733.0, 961.0, 0.0, 806.0, 1512.0, 1516.0, 3317.0, 1027.0, 414.0, 0.0], [309.0, 1829.0, 854.0, 366.0, 536.0, 817.0, 0.0, 475.0, 659.0, 2664.0, 2280.0, 963.0, 0.0], [2198.0, 637.0, 6153.0, 3143.0, 3356.0, 1761.0, 2124.0, 0.0, 1193.0, 2255.0, 4266.0, 8105.0, 0.0], [703.0, 229.0, 99.0, 585.0, 634.0, 359.0, 107.0, 152.0, 0.0, 182.0, 203.0, 497.0, 0.0], [4612.0, 6973.0, 3536.0, 1624.0, 8247.0, 6510.0, 4488.0, 3019.0, 2852.0, 0.0, 3276.0, 3939.0, 0.0], [269.0, 663.0, 1897.0, 142.0, 162.0, 1361.0, 1135.0, 694.0, 249.0, 300.0, 0.0, 192.0, 0.0], [622.0, 784.0, 2209.0, 2220.0, 1198.0, 638.0, 3388.0, 1686.0, 995.0, 1328.0, 1565.0, 0.0, 0.0], [3531.0, 1087.0, 3125.0, 3343.0, 1930.0, 978.0, 753.0, 1212.0, 756.0, 1208.0, 976.0, 1200.0, 0.0]]}