{"TRCO": 0.3318730547109728, "err_matrix": [[0.0, 1139.0, 332.0, 396.0, 543.0, 500.0, 192.0, 791.0, 1444.0, 395.0, 267.0, 275.0, 0.0], [210.0, 0.0, 313.0, 120.0, 346.0, 331.0, 476.0, 209.0, 481.0, 496.0, 125.0, 248.0, 0.0], [481.0, 685.0, 0.0, 1913.0, 552.0, 794.0, 1040.0, 866.0, 470.0, 2066.0, 2198.0, 521.0, 0.0], [48.0, 35.0, 40.0, 0.0, 190.0, 38.0, 35.0, 59.0, 96.0, 51.0, 89.0, 161.0, 0.0], [1689.0, 490.0, 681.0, 896.0, 0.0, 2201.0, 373.0, 673.0, 1027.0, 1014.0, 430.0, 1350.0, 0.0], [572.0, 684.0, 292.0, 182.0, 281.0, 0.0, 661.0, 255.0, 404.0, 547.0, 263.0, 102.0, 0.0], [107.0, 411.0, 472.0, 84.0, 213.0, 256.0, 0.0, 523.0, 137.0, 375.0, 256.0, 185.0, 0.0], [729.0, 347.0, 1163.0, 1659.0, 490.0, 373.0, 437.0, 0.0, 2044.0, 530.0, 683.0, 835.0, 0.0], [77.0, 91.0, 56.0, 129.0, 197.0, 55.0, 26.0, 46.0, 0.0, 167.0, 37.0, 61.0, 0.0], [774.0, 1155.0, 932.0, 438.0, 1643.0, 2061.0, 730.0, 765.0, 1077.0, 0.0, 2411.0, 595.0, 0.0], [105.0, 164.0, 206.0, 86.0, 35.0, 218.0, 336.0, 120.0, 65.0, 102.0, 0.0, 266.0, 0.0], [788.0, 222.0, 369.0, 337.0, 325.0, 174.0, 645.0, 711.0, 219.0, 347.0, 406.0, 0.0, 0.0], [759.0, 505.0, 462.0, 463.0, 463.0, 413.0, 246.0, 371.0, 463.0, 316.0, 272.0, 338.0, 0.0]], "ARCO": 0.33957622122650716}