{"ARCO": 0.2089459392553154, "err_matrix": [[0.0, 6046.0, 5988.0, 6749.0, 8555.0, 7734.0, 3374.0, 11380.0, 13099.0, 5845.0, 4664.0, 4247.0, 0.0], [3290.0, 0.0, 2239.0, 2250.0, 3886.0, 3817.0, 4739.0, 2172.0, 4155.0, 5052.0, 1789.0, 4085.0, 0.0], [7928.0, 7648.0, 0.0, 18783.0, 6611.0, 14468.0, 14978.0, 9799.0, 5809.0, 22372.0, 24638.0, 7127.0, 0.0], [621.0, 324.0, 376.0, 0.0, 1041.0, 663.0, 632.0, 1718.0, 830.0, 248.0, 960.0, 1896.0, 0.0], [17797.0, 4011.0, 6631.0, 10357.0, 0.0, 17931.0, 8252.0, 9669.0, 11119.0, 10815.0, 7572.0, 11843.0, 0.0], [8970.0, 8878.0, 4504.0, 3443.0, 4110.0, 0.0, 4937.0, 4831.0, 4857.0, 8061.0, 3978.0, 1810.0, 0.0], [1753.0, 4242.0, 3794.0, 1654.0, 2103.0, 3416.0, 0.0, 2872.0, 2041.0, 5958.0, 4033.0, 2299.0, 0.0], [9223.0, 4075.0, 17426.0, 18191.0, 7288.0, 7401.0, 8524.0, 0.0, 12998.0, 8892.0, 13866.0, 13552.0, 0.0], [1297.0, 1144.0, 406.0, 1141.0, 1430.0, 360.0, 237.0, 567.0, 0.0, 1153.0, 624.0, 1025.0, 0.0], [14801.0, 16959.0, 9263.0, 7685.0, 17433.0, 25179.0, 6682.0, 7323.0, 12442.0, 0.0, 16054.0, 8002.0, 0.0], [1704.0, 2409.0, 4445.0, 1576.0, 481.0, 3594.0, 4111.0, 1694.0, 1122.0, 2119.0, 0.0, 1588.0, 0.0], [5465.0, 3137.0, 5808.0, 4236.0, 2749.0, 3077.0, 6668.0, 6521.0, 2178.0, 4705.0, 5733.0, 0.0, 0.0], [10930.0, 3098.0, 6874.0, 8570.0, 4906.0, 5029.0, 3318.0, 3644.0, 3074.0, 3923.0, 3181.0, 2831.0, 0.0]], "TRCO": 0.2054869072900938}