{"err_matrix": [[0.0, 13112.0, 4742.0, 4385.0, 6484.0, 6031.0, 2668.0, 9085.0, 14865.0, 4533.0, 2968.0, 2826.0, 0.0], [2551.0, 0.0, 2633.0, 1118.0, 3196.0, 3728.0, 6556.0, 2778.0, 5046.0, 5705.0, 1664.0, 3327.0, 0.0], [4868.0, 7533.0, 0.0, 19074.0, 5436.0, 8659.0, 11200.0, 9652.0, 5987.0, 21835.0, 22208.0, 4776.0, 0.0], [499.0, 262.0, 241.0, 0.0, 1797.0, 369.0, 393.0, 538.0, 932.0, 241.0, 845.0, 1799.0, 0.0], [13714.0, 3810.0, 7408.0, 9416.0, 0.0, 17192.0, 3416.0, 5942.0, 8829.0, 7743.0, 3932.0, 11296.0, 0.0], [7412.0, 8429.0, 3736.0, 2258.0, 3890.0, 0.0, 7039.0, 3652.0, 5513.0, 5703.0, 2670.0, 1105.0, 0.0], [941.0, 3711.0, 3932.0, 792.0, 1739.0, 2433.0, 0.0, 4146.0, 1288.0, 3773.0, 2036.0, 1534.0, 0.0], [7529.0, 4043.0, 13885.0, 15954.0, 5313.0, 3905.0, 5124.0, 0.0, 21126.0, 4617.0, 6449.0, 8359.0, 0.0], [662.0, 946.0, 336.0, 602.0, 1021.0, 309.0, 218.0, 360.0, 0.0, 1626.0, 468.0, 681.0, 0.0], [7669.0, 12195.0, 8798.0, 4654.0, 16337.0, 16159.0, 6650.0, 7828.0, 11903.0, 0.0, 19722.0, 5616.0, 0.0], [1121.0, 1981.0, 2397.0, 1064.0, 388.0, 2299.0, 3933.0, 1296.0, 820.0, 1121.0, 0.0, 3441.0, 0.0], [5615.0, 1841.0, 3063.0, 2736.0, 2712.0, 1529.0, 7197.0, 7157.0, 2008.0, 3114.0, 4941.0, 0.0, 0.0], [8730.0, 4651.0, 5003.0, 5485.0, 5446.0, 5320.0, 3102.0, 4279.0, 5918.0, 3815.0, 3225.0, 4404.0, 0.0]], "TRCO": 0.32147785660971334, "ARCO": 0.333348332864885}