{"err_matrix": [[0.0, 7585.0, 5330.0, 7211.0, 7401.0, 8661.0, 3540.0, 9891.0, 13319.0, 6515.0, 4775.0, 4054.0, 0.0], [3884.0, 0.0, 2667.0, 2631.0, 3352.0, 4190.0, 4531.0, 2636.0, 3872.0, 5548.0, 1650.0, 4188.0, 0.0], [8954.0, 7776.0, 0.0, 24861.0, 6971.0, 15114.0, 13661.0, 9781.0, 6936.0, 25218.0, 22504.0, 6283.0, 0.0], [692.0, 363.0, 421.0, 0.0, 1400.0, 822.0, 712.0, 1317.0, 939.0, 382.0, 864.0, 1946.0, 0.0], [18741.0, 4198.0, 6061.0, 10860.0, 0.0, 22533.0, 9011.0, 9072.0, 10375.0, 12006.0, 7240.0, 10647.0, 0.0], [8991.0, 9210.0, 3963.0, 3957.0, 4097.0, 0.0, 5536.0, 4387.0, 4838.0, 7786.0, 4335.0, 1970.0, 0.0], [2316.0, 4009.0, 3579.0, 2117.0, 2154.0, 3611.0, 0.0, 3412.0, 2280.0, 5773.0, 3580.0, 2463.0, 0.0], [10209.0, 4848.0, 14811.0, 19981.0, 6652.0, 7904.0, 8888.0, 0.0, 16314.0, 10660.0, 13867.0, 12186.0, 0.0], [1196.0, 1129.0, 520.0, 1187.0, 1537.0, 370.0, 229.0, 599.0, 0.0, 1830.0, 560.0, 986.0, 0.0], [15461.0, 16113.0, 8929.0, 8508.0, 16552.0, 24930.0, 6352.0, 7358.0, 12757.0, 0.0, 15763.0, 7811.0, 0.0], [2432.0, 2418.0, 3383.0, 2454.0, 540.0, 3344.0, 4261.0, 1438.0, 1229.0, 2732.0, 0.0, 2276.0, 0.0], [7959.0, 3664.0, 5097.0, 4111.0, 2750.0, 3425.0, 6303.0, 6337.0, 2303.0, 5166.0, 5529.0, 0.0, 0.0], [10850.0, 3253.0, 6587.0, 8936.0, 4520.0, 5698.0, 3394.0, 3426.0, 2949.0, 3994.0, 2998.0, 2773.0, 0.0]], "TRCO": 0.18231416908021153, "ARCO": 0.18448681728495514}