{"err_matrix": [[0.0, 18423.0, 5504.0, 6266.0, 8713.0, 7787.0, 3082.0, 12940.0, 23207.0, 6367.0, 4114.0, 4455.0, 0.0], [3363.0, 0.0, 5096.0, 1968.0, 5542.0, 5006.0, 7252.0, 3603.0, 7929.0, 8334.0, 1866.0, 3919.0, 0.0], [7997.0, 11178.0, 0.0, 30963.0, 8782.0, 13043.0, 16238.0, 13429.0, 8045.0, 33203.0, 35070.0, 8275.0, 0.0], [677.0, 618.0, 634.0, 0.0, 2898.0, 668.0, 675.0, 993.0, 1349.0, 848.0, 1433.0, 2612.0, 0.0], [26912.0, 7678.0, 10891.0, 14411.0, 0.0, 34522.0, 6158.0, 10896.0, 16736.0, 15773.0, 7023.0, 21879.0, 0.0], [9081.0, 11279.0, 4335.0, 3100.0, 4184.0, 0.0, 10479.0, 4047.0, 6964.0, 8515.0, 4203.0, 1509.0, 0.0], [1630.0, 6674.0, 7520.0, 1379.0, 3195.0, 4428.0, 0.0, 8140.0, 2305.0, 5723.0, 4072.0, 3069.0, 0.0], [11685.0, 5158.0, 18581.0, 26315.0, 7956.0, 6068.0, 6820.0, 0.0, 32912.0, 8324.0, 10485.0, 13564.0, 0.0], [1274.0, 1570.0, 1028.0, 1842.0, 3025.0, 931.0, 539.0, 692.0, 0.0, 2520.0, 570.0, 1011.0, 0.0], [12337.0, 18987.0, 14907.0, 7254.0, 26533.0, 32722.0, 11816.0, 12167.0, 16762.0, 0.0, 38349.0, 9580.0, 0.0], [1639.0, 2752.0, 3269.0, 1402.0, 615.0, 3425.0, 5182.0, 1850.0, 1090.0, 1690.0, 0.0, 4431.0, 0.0], [12519.0, 3532.0, 5830.0, 5468.0, 5070.0, 2753.0, 10472.0, 11532.0, 3645.0, 5539.0, 6660.0, 0.0, 0.0], [12272.0, 7635.0, 7166.0, 7009.0, 7216.0, 6818.0, 4067.0, 5587.0, 7431.0, 5071.0, 4311.0, 5577.0, 0.0]], "ARCO": 0.3396497845948553, "TRCO": 0.3317745495784365}