{"TRCO": 0.1835802676029381, "err_matrix": [[0.0, 7310.0, 5138.0, 6955.0, 7066.0, 8046.0, 3274.0, 9831.0, 13231.0, 6205.0, 4502.0, 3910.0, 0.0], [3884.0, 0.0, 2667.0, 2631.0, 3352.0, 4190.0, 4531.0, 2636.0, 3872.0, 5548.0, 1650.0, 4188.0, 0.0], [8854.0, 7604.0, 0.0, 24573.0, 6971.0, 15015.0, 13613.0, 9509.0, 6751.0, 25196.0, 22493.0, 6282.0, 0.0], [692.0, 363.0, 421.0, 0.0, 1400.0, 822.0, 712.0, 1317.0, 939.0, 382.0, 864.0, 1946.0, 0.0], [18327.0, 3812.0, 6024.0, 10732.0, 0.0, 22319.0, 8945.0, 8928.0, 10187.0, 11433.0, 6790.0, 10591.0, 0.0], [8540.0, 8856.0, 3855.0, 3851.0, 3727.0, 0.0, 5364.0, 4177.0, 4523.0, 7417.0, 4316.0, 1949.0, 0.0], [2316.0, 4009.0, 3579.0, 2117.0, 2154.0, 3611.0, 0.0, 3412.0, 2280.0, 5773.0, 3580.0, 2463.0, 0.0], [9834.0, 4437.0, 14735.0, 19931.0, 6547.0, 7514.0, 8832.0, 0.0, 16248.0, 10304.0, 13638.0, 12172.0, 0.0], [1196.0, 1129.0, 520.0, 1187.0, 1537.0, 370.0, 229.0, 599.0, 0.0, 1830.0, 560.0, 986.0, 0.0], [15127.0, 15469.0, 8764.0, 8270.0, 16453.0, 24670.0, 6115.0, 6969.0, 12361.0, 0.0, 15624.0, 7776.0, 0.0], [2432.0, 2418.0, 3383.0, 2454.0, 540.0, 3344.0, 4261.0, 1438.0, 1229.0, 2732.0, 0.0, 2276.0, 0.0], [7959.0, 3664.0, 5097.0, 4111.0, 2750.0, 3425.0, 6303.0, 6337.0, 2303.0, 5166.0, 5529.0, 0.0, 0.0], [10848.0, 3251.0, 6587.0, 8927.0, 4492.0, 5677.0, 3393.0, 3426.0, 2945.0, 3841.0, 2989.0, 2770.0, 0.0]], "ARCO": 0.1857177393275919}