{"err_matrix": [[0.0, 12819.0, 4530.0, 4286.0, 6283.0, 5792.0, 2662.0, 8697.0, 14607.0, 4463.0, 2837.0, 2818.0, 0.0], [3409.0, 0.0, 2505.0, 1079.0, 3055.0, 3701.0, 6526.0, 2709.0, 5003.0, 5592.0, 1648.0, 3281.0, 0.0], [7823.0, 7453.0, 0.0, 18734.0, 5345.0, 8551.0, 11005.0, 9423.0, 5655.0, 21304.0, 21912.0, 4724.0, 0.0], [805.0, 258.0, 239.0, 0.0, 1802.0, 359.0, 385.0, 524.0, 910.0, 233.0, 799.0, 1764.0, 0.0], [16809.0, 3717.0, 7202.0, 9074.0, 0.0, 16834.0, 3354.0, 5766.0, 8578.0, 7484.0, 3808.0, 10972.0, 0.0], [8498.0, 8246.0, 3655.0, 2167.0, 3776.0, 0.0, 7043.0, 3589.0, 5308.0, 5642.0, 2636.0, 1051.0, 0.0], [1153.0, 3675.0, 3946.0, 778.0, 1745.0, 2414.0, 0.0, 4136.0, 1281.0, 3703.0, 2011.0, 1527.0, 0.0], [10186.0, 3991.0, 13723.0, 15652.0, 5073.0, 3847.0, 5095.0, 0.0, 20649.0, 4610.0, 6399.0, 8221.0, 0.0], [793.0, 946.0, 265.0, 600.0, 1014.0, 309.0, 218.0, 364.0, 0.0, 1591.0, 456.0, 683.0, 0.0], [10450.0, 11926.0, 8576.0, 4565.0, 16126.0, 15826.0, 6541.0, 7808.0, 11559.0, 0.0, 19586.0, 5549.0, 0.0], [1548.0, 1971.0, 2322.0, 1119.0, 381.0, 2287.0, 3874.0, 1273.0, 758.0, 1103.0, 0.0, 3403.0, 0.0], [6233.0, 1786.0, 2996.0, 2688.0, 2667.0, 1479.0, 7165.0, 7132.0, 1936.0, 3031.0, 4869.0, 0.0, 0.0], [27211.0, 2229.0, 3353.0, 3910.0, 4020.0, 4029.0, 1823.0, 2543.0, 2368.0, 2586.0, 2321.0, 2985.0, 0.0]], "TRCO": 0.3190482164437541, "ARCO": 0.331055911594129}