{"err_matrix": [[0.0, 9263.0, 2752.0, 3112.0, 4364.0, 3916.0, 1522.0, 6468.0, 11607.0, 3169.0, 2077.0, 2227.0, 0.0], [1674.0, 0.0, 2563.0, 980.0, 2772.0, 2521.0, 3638.0, 1818.0, 3939.0, 4153.0, 937.0, 1949.0, 0.0], [3994.0, 5595.0, 0.0, 15485.0, 4423.0, 6507.0, 8087.0, 6720.0, 3992.0, 16581.0, 17568.0, 4139.0, 0.0], [337.0, 306.0, 321.0, 0.0, 1449.0, 340.0, 341.0, 496.0, 679.0, 430.0, 710.0, 1300.0, 0.0], [13468.0, 3811.0, 5456.0, 7279.0, 0.0, 17287.0, 3094.0, 5412.0, 8393.0, 7898.0, 3511.0, 10938.0, 0.0], [4534.0, 5665.0, 2166.0, 1555.0, 2101.0, 0.0, 5200.0, 2020.0, 3492.0, 4272.0, 2099.0, 757.0, 0.0], [819.0, 3330.0, 3743.0, 697.0, 1613.0, 2201.0, 0.0, 4090.0, 1167.0, 2864.0, 2046.0, 1522.0, 0.0], [5823.0, 2600.0, 9270.0, 13153.0, 3964.0, 3033.0, 3412.0, 0.0, 16491.0, 4154.0, 5236.0, 6829.0, 0.0], [624.0, 785.0, 505.0, 914.0, 1517.0, 468.0, 270.0, 351.0, 0.0, 1272.0, 279.0, 506.0, 0.0], [6153.0, 9454.0, 7453.0, 3641.0, 13274.0, 16329.0, 5929.0, 6049.0, 8375.0, 0.0, 19262.0, 4805.0, 0.0], [833.0, 1364.0, 1646.0, 704.0, 317.0, 1717.0, 2578.0, 926.0, 545.0, 833.0, 0.0, 2197.0, 0.0], [6231.0, 1769.0, 2929.0, 2699.0, 2519.0, 1382.0, 5227.0, 5780.0, 1817.0, 2769.0, 3325.0, 0.0, 0.0], [6147.0, 3849.0, 3612.0, 3521.0, 3607.0, 3435.0, 2015.0, 2779.0, 3711.0, 2537.0, 2147.0, 2765.0, 0.0]], "TRCO": 0.3315884271431352, "ARCO": 0.3394792674523599}