{"ARCO": 0.3365825077120093, "err_matrix": [[0.0, 12902.0, 4026.0, 4190.0, 5943.0, 5422.0, 2523.0, 9059.0, 14829.0, 4319.0, 2852.0, 2765.0, 0.0], [2551.0, 0.0, 2633.0, 1118.0, 3196.0, 3728.0, 6556.0, 2778.0, 5046.0, 5705.0, 1664.0, 3327.0, 0.0], [4730.0, 7462.0, 0.0, 19062.0, 5429.0, 8366.0, 11173.0, 9177.0, 5808.0, 21823.0, 22194.0, 4769.0, 0.0], [499.0, 262.0, 241.0, 0.0, 1797.0, 369.0, 393.0, 538.0, 932.0, 241.0, 845.0, 1799.0, 0.0], [13120.0, 3572.0, 7365.0, 9399.0, 0.0, 17070.0, 3331.0, 5627.0, 8585.0, 7045.0, 3639.0, 11254.0, 0.0], [7292.0, 8247.0, 3640.0, 2215.0, 3140.0, 0.0, 6941.0, 3149.0, 5230.0, 5391.0, 2625.0, 1085.0, 0.0], [941.0, 3711.0, 3932.0, 792.0, 1739.0, 2433.0, 0.0, 4146.0, 1288.0, 3773.0, 2036.0, 1534.0, 0.0], [6999.0, 3784.0, 13858.0, 15940.0, 5108.0, 3752.0, 5079.0, 0.0, 20971.0, 4214.0, 6240.0, 8337.0, 0.0], [662.0, 946.0, 336.0, 602.0, 1021.0, 309.0, 218.0, 360.0, 0.0, 1626.0, 468.0, 681.0, 0.0], [7205.0, 11634.0, 8735.0, 4596.0, 16266.0, 15739.0, 6425.0, 7134.0, 11659.0, 0.0, 19655.0, 5599.0, 0.0], [1121.0, 1981.0, 2397.0, 1064.0, 388.0, 2299.0, 3933.0, 1296.0, 820.0, 1121.0, 0.0, 3441.0, 0.0], [5615.0, 1841.0, 3063.0, 2736.0, 2712.0, 1529.0, 7197.0, 7157.0, 2008.0, 3114.0, 4941.0, 0.0, 0.0], [8730.0, 4651.0, 5002.0, 5482.0, 5446.0, 5320.0, 3090.0, 4272.0, 5901.0, 3637.0, 3219.0, 4396.0, 0.0]], "TRCO": 0.3247142146775935}