{"err_matrix": [[0.0, 6604.0, 2358.0, 2193.0, 3247.0, 3024.0, 1315.0, 4539.0, 7435.0, 2261.0, 1494.0, 1406.0, 0.0], [1266.0, 0.0, 1335.0, 546.0, 1596.0, 1883.0, 3298.0, 1403.0, 2517.0, 2834.0, 834.0, 1644.0, 0.0], [2440.0, 3756.0, 0.0, 9539.0, 2734.0, 4322.0, 5575.0, 4836.0, 2959.0, 10901.0, 11128.0, 2382.0, 0.0], [249.0, 130.0, 122.0, 0.0, 902.0, 187.0, 198.0, 267.0, 470.0, 126.0, 421.0, 898.0, 0.0], [6862.0, 1895.0, 3705.0, 4748.0, 0.0, 8593.0, 1732.0, 2949.0, 4424.0, 3885.0, 1973.0, 5646.0, 0.0], [3709.0, 4227.0, 1869.0, 1135.0, 1959.0, 0.0, 3509.0, 1812.0, 2779.0, 2845.0, 1333.0, 559.0, 0.0], [480.0, 1855.0, 1968.0, 395.0, 870.0, 1212.0, 0.0, 2065.0, 652.0, 1888.0, 1016.0, 759.0, 0.0], [3746.0, 2042.0, 6946.0, 7977.0, 2648.0, 1948.0, 2565.0, 0.0, 10574.0, 2311.0, 3208.0, 4194.0, 0.0], [321.0, 471.0, 163.0, 294.0, 522.0, 152.0, 108.0, 181.0, 0.0, 818.0, 231.0, 345.0, 0.0], [3816.0, 6104.0, 4398.0, 2327.0, 8186.0, 8064.0, 3330.0, 3907.0, 5947.0, 0.0, 9910.0, 2808.0, 0.0], [569.0, 980.0, 1207.0, 538.0, 200.0, 1158.0, 1950.0, 646.0, 412.0, 556.0, 0.0, 1700.0, 0.0], [2786.0, 929.0, 1538.0, 1349.0, 1335.0, 768.0, 3596.0, 3593.0, 1003.0, 1565.0, 2457.0, 0.0, 0.0], [4365.0, 2354.0, 2534.0, 2743.0, 2721.0, 2678.0, 1549.0, 2124.0, 2959.0, 1909.0, 1603.0, 2179.0, 0.0]], "TRCO": 0.32131975480675506, "ARCO": 0.33324920898491345}