{"TRCO": 0.3318095863859605, "ARCO": 0.33964914534053087, "err_matrix": [[0.0, 36824.0, 10921.0, 12559.0, 17469.0, 15600.0, 6167.0, 25886.0, 46398.0, 12753.0, 8164.0, 8961.0, 0.0], [6730.0, 0.0, 10198.0, 3955.0, 11086.0, 10019.0, 14493.0, 7220.0, 15852.0, 16723.0, 3719.0, 7798.0, 0.0], [15956.0, 22346.0, 0.0, 61879.0, 17482.0, 26055.0, 32604.0, 26936.0, 16081.0, 66410.0, 70115.0, 16572.0, 0.0], [1367.0, 1234.0, 1267.0, 0.0, 5782.0, 1333.0, 1330.0, 1999.0, 2657.0, 1704.0, 2875.0, 5247.0, 0.0], [53888.0, 15307.0, 21874.0, 28756.0, 0.0, 69087.0, 12353.0, 21674.0, 33552.0, 31435.0, 14053.0, 43680.0, 0.0], [18148.0, 22610.0, 8664.0, 6183.0, 8414.0, 0.0, 20941.0, 8112.0, 13890.0, 16964.0, 8415.0, 3009.0, 0.0], [3259.0, 13360.0, 15065.0, 2794.0, 6368.0, 8865.0, 0.0, 16276.0, 4601.0, 11396.0, 8184.0, 6135.0, 0.0], [23389.0, 10280.0, 37203.0, 52657.0, 15908.0, 12118.0, 13549.0, 0.0, 65901.0, 16654.0, 20991.0, 27178.0, 0.0], [2564.0, 3119.0, 2043.0, 3660.0, 6044.0, 1866.0, 1065.0, 1402.0, 0.0, 5041.0, 1142.0, 2029.0, 0.0], [24760.0, 37966.0, 29907.0, 14488.0, 52937.0, 65517.0, 23567.0, 24406.0, 33448.0, 0.0, 76603.0, 19133.0, 0.0], [3263.0, 5487.0, 6542.0, 2802.0, 1254.0, 6870.0, 10369.0, 3701.0, 2169.0, 3411.0, 0.0, 8822.0, 0.0], [25067.0, 7091.0, 11644.0, 10970.0, 10168.0, 5451.0, 20987.0, 23018.0, 7308.0, 11065.0, 13302.0, 0.0, 0.0], [24486.0, 15352.0, 14282.0, 13976.0, 14363.0, 13688.0, 8116.0, 11224.0, 14789.0, 10205.0, 8587.0, 11196.0, 0.0]]}