{"TRCO": 0.20734786275711065, "err_matrix": [[0.0, 5764.0, 5724.0, 6558.0, 8217.0, 7167.0, 3136.0, 11322.0, 13011.0, 5503.0, 4363.0, 4075.0, 0.0], [3290.0, 0.0, 2239.0, 2250.0, 3886.0, 3817.0, 4739.0, 2172.0, 4155.0, 5052.0, 1789.0, 4085.0, 0.0], [7840.0, 7431.0, 0.0, 18494.0, 6609.0, 14407.0, 14952.0, 9507.0, 5609.0, 22358.0, 24633.0, 7126.0, 0.0], [621.0, 324.0, 376.0, 0.0, 1041.0, 663.0, 632.0, 1718.0, 830.0, 248.0, 960.0, 1896.0, 0.0], [17380.0, 3605.0, 6598.0, 10230.0, 0.0, 17710.0, 8183.0, 9506.0, 10927.0, 10314.0, 7093.0, 11798.0, 0.0], [8464.0, 8388.0, 4399.0, 3346.0, 3638.0, 0.0, 4820.0, 4575.0, 4487.0, 7814.0, 3952.0, 1784.0, 0.0], [1753.0, 4242.0, 3794.0, 1654.0, 2103.0, 3416.0, 0.0, 2872.0, 2041.0, 5958.0, 4033.0, 2299.0, 0.0], [8809.0, 3695.0, 17336.0, 18152.0, 7119.0, 7012.0, 8483.0, 0.0, 12926.0, 8584.0, 13653.0, 13538.0, 0.0], [1297.0, 1144.0, 406.0, 1141.0, 1430.0, 360.0, 237.0, 567.0, 0.0, 1153.0, 624.0, 1025.0, 0.0], [14461.0, 16303.0, 9111.0, 7459.0, 17324.0, 24936.0, 6482.0, 6867.0, 12003.0, 0.0, 15929.0, 7972.0, 0.0], [1704.0, 2409.0, 4445.0, 1576.0, 481.0, 3594.0, 4111.0, 1694.0, 1122.0, 2119.0, 0.0, 1588.0, 0.0], [5465.0, 3137.0, 5808.0, 4236.0, 2749.0, 3077.0, 6668.0, 6521.0, 2178.0, 4705.0, 5733.0, 0.0, 0.0], [10929.0, 3094.0, 6874.0, 8561.0, 4887.0, 5013.0, 3317.0, 3644.0, 3070.0, 3752.0, 3178.0, 2827.0, 0.0]], "ARCO": 0.21075887997964546}