{"ARCO": 0.1911385086397873, "err_matrix": [[0.0, 7244.0, 5445.0, 6904.0, 7399.0, 8499.0, 3454.0, 9860.0, 13140.0, 6512.0, 4601.0, 3898.0, 0.0], [3698.0, 0.0, 2683.0, 2465.0, 3331.0, 4141.0, 4492.0, 2666.0, 3685.0, 5967.0, 1604.0, 4136.0, 0.0], [8853.0, 7486.0, 0.0, 24807.0, 6968.0, 14744.0, 13050.0, 9843.0, 6337.0, 25833.0, 22230.0, 6480.0, 0.0], [751.0, 353.0, 374.0, 0.0, 1334.0, 766.0, 732.0, 1328.0, 934.0, 382.0, 829.0, 1915.0, 0.0], [19465.0, 4093.0, 6043.0, 10680.0, 0.0, 23398.0, 8782.0, 9166.0, 10028.0, 11995.0, 6839.0, 10356.0, 0.0], [9003.0, 9236.0, 3944.0, 3837.0, 4002.0, 0.0, 5338.0, 4333.0, 4739.0, 8106.0, 3953.0, 1896.0, 0.0], [1952.0, 4309.0, 3636.0, 2025.0, 2133.0, 3519.0, 0.0, 3530.0, 2130.0, 5808.0, 3629.0, 2431.0, 0.0], [10384.0, 4627.0, 15083.0, 20254.0, 6778.0, 7553.0, 8552.0, 0.0, 16504.0, 10532.0, 13190.0, 12052.0, 0.0], [1244.0, 1073.0, 515.0, 1204.0, 1407.0, 379.0, 212.0, 609.0, 0.0, 1793.0, 571.0, 943.0, 0.0], [15136.0, 16093.0, 9109.0, 7984.0, 15859.0, 25377.0, 6399.0, 7147.0, 12517.0, 0.0, 15840.0, 7730.0, 0.0], [2336.0, 2396.0, 3434.0, 2329.0, 514.0, 3605.0, 4039.0, 1524.0, 1124.0, 2640.0, 0.0, 2020.0, 0.0], [7989.0, 3578.0, 5229.0, 4082.0, 2767.0, 3303.0, 6109.0, 6541.0, 2268.0, 5039.0, 5490.0, 0.0, 0.0], [11016.0, 3178.0, 6283.0, 9241.0, 4530.0, 5431.0, 3457.0, 3514.0, 2885.0, 4005.0, 2979.0, 2859.0, 0.0]], "TRCO": 0.18873213758694854}