{"TRCO": 0.3317271386961056, "err_matrix": [[0.0, 573.0, 172.0, 195.0, 274.0, 254.0, 97.0, 394.0, 717.0, 189.0, 122.0, 136.0, 0.0], [115.0, 0.0, 168.0, 53.0, 172.0, 161.0, 235.0, 97.0, 240.0, 262.0, 56.0, 120.0, 0.0], [242.0, 335.0, 0.0, 957.0, 289.0, 389.0, 518.0, 431.0, 240.0, 1043.0, 1102.0, 263.0, 0.0], [25.0, 13.0, 20.0, 0.0, 90.0, 19.0, 22.0, 32.0, 53.0, 27.0, 46.0, 77.0, 0.0], [841.0, 245.0, 334.0, 466.0, 0.0, 1090.0, 187.0, 338.0, 494.0, 505.0, 231.0, 672.0, 0.0], [299.0, 325.0, 156.0, 101.0, 143.0, 0.0, 308.0, 128.0, 200.0, 273.0, 135.0, 49.0, 0.0], [59.0, 198.0, 236.0, 45.0, 110.0, 127.0, 0.0, 257.0, 63.0, 190.0, 134.0, 92.0, 0.0], [363.0, 182.0, 579.0, 816.0, 241.0, 186.0, 236.0, 0.0, 1003.0, 264.0, 350.0, 390.0, 0.0], [41.0, 40.0, 26.0, 65.0, 101.0, 30.0, 16.0, 24.0, 0.0, 76.0, 19.0, 29.0, 0.0], [394.0, 585.0, 463.0, 213.0, 797.0, 1066.0, 359.0, 376.0, 544.0, 0.0, 1218.0, 295.0, 0.0], [48.0, 89.0, 93.0, 40.0, 20.0, 102.0, 179.0, 65.0, 28.0, 54.0, 0.0, 126.0, 0.0], [409.0, 111.0, 182.0, 159.0, 173.0, 95.0, 320.0, 355.0, 118.0, 158.0, 209.0, 0.0, 0.0], [378.0, 271.0, 240.0, 235.0, 248.0, 209.0, 116.0, 173.0, 238.0, 166.0, 149.0, 159.0, 0.0]], "ARCO": 0.3396470830764422}