{"ARCO": 0.3396785630422429, "TRCO": 0.33187167724473704, "err_matrix": [[0.0, 4629.0, 1377.0, 1555.0, 2171.0, 1964.0, 759.0, 3231.0, 5786.0, 1590.0, 1027.0, 1107.0, 0.0], [827.0, 0.0, 1260.0, 499.0, 1376.0, 1248.0, 1816.0, 905.0, 1994.0, 2061.0, 471.0, 978.0, 0.0], [1999.0, 2746.0, 0.0, 7762.0, 2220.0, 3236.0, 4089.0, 3343.0, 1992.0, 8243.0, 8798.0, 2060.0, 0.0], [171.0, 147.0, 163.0, 0.0, 721.0, 174.0, 168.0, 236.0, 355.0, 224.0, 348.0, 649.0, 0.0], [6746.0, 1911.0, 2723.0, 3623.0, 0.0, 8630.0, 1539.0, 2705.0, 4197.0, 3974.0, 1745.0, 5479.0, 0.0], [2272.0, 2824.0, 1082.0, 771.0, 1044.0, 0.0, 2627.0, 988.0, 1771.0, 2129.0, 1043.0, 383.0, 0.0], [425.0, 1654.0, 1861.0, 356.0, 812.0, 1091.0, 0.0, 2037.0, 569.0, 1456.0, 1017.0, 772.0, 0.0], [2900.0, 1315.0, 4612.0, 6578.0, 1974.0, 1538.0, 1700.0, 0.0, 8255.0, 2079.0, 2629.0, 3431.0, 0.0], [306.0, 390.0, 254.0, 465.0, 760.0, 232.0, 131.0, 173.0, 0.0, 656.0, 142.0, 255.0, 0.0], [3056.0, 4715.0, 3747.0, 1816.0, 6677.0, 8133.0, 2933.0, 3024.0, 4198.0, 0.0, 9610.0, 2440.0, 0.0], [416.0, 690.0, 809.0, 359.0, 153.0, 856.0, 1290.0, 468.0, 277.0, 405.0, 0.0, 1102.0, 0.0], [3096.0, 871.0, 1482.0, 1348.0, 1262.0, 706.0, 2609.0, 2868.0, 903.0, 1396.0, 1645.0, 0.0, 0.0], [3081.0, 1925.0, 1840.0, 1773.0, 1818.0, 1688.0, 1002.0, 1402.0, 1841.0, 1237.0, 1082.0, 1410.0, 0.0]]}