{"TRCO": 0.19010687817024133, "err_matrix": [[0.0, 6953.0, 5244.0, 6660.0, 7068.0, 7883.0, 3180.0, 9801.0, 13055.0, 6199.0, 4332.0, 3756.0, 0.0], [3698.0, 0.0, 2683.0, 2465.0, 3331.0, 4141.0, 4492.0, 2666.0, 3685.0, 5967.0, 1604.0, 4136.0, 0.0], [8755.0, 7313.0, 0.0, 24514.0, 6967.0, 14640.0, 13002.0, 9576.0, 6150.0, 25810.0, 22219.0, 6478.0, 0.0], [751.0, 353.0, 374.0, 0.0, 1334.0, 766.0, 732.0, 1328.0, 934.0, 382.0, 829.0, 1915.0, 0.0], [19057.0, 3698.0, 6012.0, 10554.0, 0.0, 23180.0, 8708.0, 9032.0, 9822.0, 11434.0, 6380.0, 10307.0, 0.0], [8561.0, 8881.0, 3844.0, 3736.0, 3635.0, 0.0, 5175.0, 4111.0, 4423.0, 7734.0, 3929.0, 1878.0, 0.0], [1952.0, 4309.0, 3636.0, 2025.0, 2133.0, 3519.0, 0.0, 3530.0, 2130.0, 5808.0, 3629.0, 2431.0, 0.0], [10006.0, 4211.0, 15006.0, 20213.0, 6682.0, 7147.0, 8495.0, 0.0, 16432.0, 10186.0, 12967.0, 12036.0, 0.0], [1244.0, 1073.0, 515.0, 1204.0, 1407.0, 379.0, 212.0, 609.0, 0.0, 1793.0, 571.0, 943.0, 0.0], [14822.0, 15433.0, 8954.0, 7752.0, 15757.0, 25104.0, 6167.0, 6753.0, 12112.0, 0.0, 15699.0, 7696.0, 0.0], [2336.0, 2396.0, 3434.0, 2329.0, 514.0, 3605.0, 4039.0, 1524.0, 1124.0, 2640.0, 0.0, 2020.0, 0.0], [7989.0, 3578.0, 5229.0, 4082.0, 2767.0, 3303.0, 6109.0, 6541.0, 2268.0, 5039.0, 5490.0, 0.0, 0.0], [11014.0, 3175.0, 6283.0, 9232.0, 4506.0, 5409.0, 3457.0, 3514.0, 2880.0, 3852.0, 2968.0, 2856.0, 0.0]], "ARCO": 0.19247571112138184}