{"TRCO": 0.26090416496106655, "err_matrix": [[0.0, 3142.0, 5550.0, 4949.0, 11914.0, 5374.0, 3736.0, 14675.0, 9441.0, 5877.0, 4155.0, 5264.0, 0.0], [2409.0, 0.0, 762.0, 1786.0, 4536.0, 4198.0, 5107.0, 1181.0, 5309.0, 2436.0, 2778.0, 3971.0, 0.0], [5400.0, 7128.0, 0.0, 7100.0, 5942.0, 13523.0, 22276.0, 10179.0, 4281.0, 19331.0, 22661.0, 9525.0, 0.0], [918.0, 217.0, 253.0, 0.0, 420.0, 537.0, 595.0, 2609.0, 452.0, 194.0, 849.0, 1401.0, 0.0], [10714.0, 3314.0, 7068.0, 9899.0, 0.0, 7859.0, 6730.0, 10959.0, 14040.0, 8577.0, 8059.0, 14807.0, 0.0], [8945.0, 5080.0, 5613.0, 2878.0, 3149.0, 0.0, 3190.0, 5494.0, 4906.0, 7792.0, 3697.0, 1633.0, 0.0], [1287.0, 4057.0, 2231.0, 1094.0, 1959.0, 3289.0, 0.0, 1231.0, 1811.0, 6902.0, 4886.0, 2007.0, 0.0], [6737.0, 2765.0, 19126.0, 10032.0, 8286.0, 6697.0, 8581.0, 0.0, 4695.0, 7207.0, 15285.0, 18704.0, 0.0], [1718.0, 859.0, 363.0, 1112.0, 1052.0, 444.0, 328.0, 420.0, 0.0, 266.0, 699.0, 1186.0, 0.0], [14505.0, 17575.0, 8645.0, 6154.0, 21437.0, 18673.0, 8841.0, 7551.0, 8715.0, 0.0, 11879.0, 8737.0, 0.0], [1127.0, 1775.0, 6505.0, 791.0, 450.0, 3515.0, 3633.0, 1998.0, 1166.0, 1212.0, 0.0, 844.0, 0.0], [2121.0, 2121.0, 6908.0, 4834.0, 2512.0, 2330.0, 9018.0, 3895.0, 2231.0, 4440.0, 5742.0, 0.0, 0.0], [10778.0, 4076.0, 7166.0, 8158.0, 5898.0, 3868.0, 2750.0, 3760.0, 2787.0, 3692.0, 3339.0, 2874.0, 0.0]], "ARCO": 0.2649908130303111}