{"TRCO": 0.33128930959086533, "err_matrix": [[0.0, 2352.0, 680.0, 797.0, 1074.0, 995.0, 378.0, 1593.0, 2894.0, 800.0, 531.0, 570.0, 0.0], [415.0, 0.0, 610.0, 241.0, 697.0, 647.0, 922.0, 434.0, 995.0, 1014.0, 245.0, 489.0, 0.0], [985.0, 1380.0, 0.0, 3857.0, 1103.0, 1610.0, 2059.0, 1698.0, 977.0, 4133.0, 4393.0, 1036.0, 0.0], [88.0, 71.0, 82.0, 0.0, 368.0, 87.0, 87.0, 118.0, 181.0, 103.0, 177.0, 326.0, 0.0], [3348.0, 965.0, 1371.0, 1803.0, 0.0, 4398.0, 762.0, 1340.0, 2093.0, 1960.0, 879.0, 2740.0, 0.0], [1136.0, 1380.0, 558.0, 388.0, 535.0, 0.0, 1347.0, 500.0, 867.0, 1052.0, 533.0, 180.0, 0.0], [210.0, 826.0, 949.0, 163.0, 412.0, 525.0, 0.0, 1036.0, 288.0, 725.0, 511.0, 384.0, 0.0], [1466.0, 649.0, 2298.0, 3308.0, 971.0, 755.0, 872.0, 0.0, 4144.0, 1076.0, 1335.0, 1676.0, 0.0], [156.0, 184.0, 128.0, 237.0, 382.0, 118.0, 59.0, 90.0, 0.0, 337.0, 71.0, 119.0, 0.0], [1561.0, 2342.0, 1889.0, 908.0, 3298.0, 4097.0, 1466.0, 1527.0, 2096.0, 0.0, 4757.0, 1216.0, 0.0], [214.0, 340.0, 406.0, 177.0, 78.0, 427.0, 672.0, 234.0, 136.0, 203.0, 0.0, 554.0, 0.0], [1533.0, 445.0, 754.0, 674.0, 628.0, 361.0, 1287.0, 1438.0, 447.0, 689.0, 825.0, 0.0, 0.0], [1513.0, 981.0, 920.0, 923.0, 905.0, 842.0, 502.0, 725.0, 905.0, 631.0, 545.0, 679.0, 0.0]], "ARCO": 0.3389594109698143}