{"TRCO": 0.3628899466424323, "ARCO": 0.3651423994920839, "err_matrix": [[0.0, 396.0, 838.0, 649.0, 2437.0, 788.0, 391.0, 2973.0, 1563.0, 1136.0, 531.0, 681.0, 0.0], [267.0, 0.0, 82.0, 276.0, 1031.0, 773.0, 784.0, 186.0, 1059.0, 560.0, 406.0, 462.0, 0.0], [687.0, 833.0, 0.0, 866.0, 1209.0, 2099.0, 4239.0, 1921.0, 560.0, 3737.0, 3997.0, 2221.0, 0.0], [156.0, 26.0, 46.0, 0.0, 95.0, 97.0, 95.0, 458.0, 112.0, 125.0, 148.0, 158.0, 0.0], [1817.0, 934.0, 1203.0, 1330.0, 0.0, 1300.0, 1214.0, 2130.0, 3145.0, 1883.0, 951.0, 3899.0, 0.0], [1413.0, 738.0, 875.0, 377.0, 482.0, 0.0, 416.0, 803.0, 768.0, 1664.0, 514.0, 201.0, 0.0], [127.0, 903.0, 426.0, 186.0, 266.0, 406.0, 0.0, 247.0, 329.0, 1326.0, 1188.0, 447.0, 0.0], [1139.0, 302.0, 3080.0, 1574.0, 1704.0, 859.0, 1046.0, 0.0, 555.0, 1128.0, 2117.0, 4025.0, 0.0], [364.0, 107.0, 51.0, 300.0, 336.0, 187.0, 45.0, 80.0, 0.0, 91.0, 114.0, 248.0, 0.0], [2219.0, 3405.0, 1822.0, 783.0, 4140.0, 3109.0, 2219.0, 1482.0, 1357.0, 0.0, 1642.0, 1965.0, 0.0], [128.0, 338.0, 938.0, 91.0, 77.0, 727.0, 529.0, 336.0, 119.0, 156.0, 0.0, 101.0, 0.0], [311.0, 372.0, 1033.0, 1137.0, 609.0, 316.0, 1731.0, 877.0, 512.0, 689.0, 758.0, 0.0, 0.0], [1943.0, 497.0, 1444.0, 1626.0, 1034.0, 487.0, 384.0, 615.0, 365.0, 605.0, 470.0, 601.0, 0.0]]}